feature_1,feature_2,abs_corr,missing_ratio_1,missing_ratio_2,complexity_1,complexity_2,keep_feature,drop_feature,rule_used,stage
N_TIMESTEPS,MACHINE_ID_nunique_ratio,0.9825576082004234,0.0,0.0,2,2,N_TIMESTEPS,MACHINE_ID_nunique_ratio,tie_break_feature_order,global_prefilter_before_grouping
N_TIMESTEPS,MACHINE_DATA_median,0.9327676993182811,0.0,0.0,2,1,MACHINE_DATA_median,N_TIMESTEPS,interpretability,global_prefilter_before_grouping
MACHINE_DATA_median,MACHINE_DATA_q25,0.9954842973627753,0.0,0.0,1,1,MACHINE_DATA_median,MACHINE_DATA_q25,tie_break_feature_order,global_prefilter_before_grouping
MACHINE_DATA_median,MACHINE_DATA_q75,0.9770415785490283,0.0,0.0,1,1,MACHINE_DATA_median,MACHINE_DATA_q75,tie_break_feature_order,global_prefilter_before_grouping
MACHINE_DATA_median,MACHINE_DATA_std,0.8164102281096217,0.0,0.0,1,1,MACHINE_DATA_median,MACHINE_DATA_std,tie_break_feature_order,global_prefilter_before_grouping
MACHINE_DATA_median,MACHINE_DATA_nunique_ratio,0.917973933749175,0.0,0.0,1,2,MACHINE_DATA_median,MACHINE_DATA_nunique_ratio,interpretability,global_prefilter_before_grouping
MACHINE_DATA_median,CHAMBER_median,1.0,0.0,0.0,1,1,MACHINE_DATA_median,CHAMBER_median,tie_break_feature_order,global_prefilter_before_grouping
MACHINE_DATA_median,CHAMBER_q25,0.9954842973627753,0.0,0.0,1,1,MACHINE_DATA_median,CHAMBER_q25,tie_break_feature_order,global_prefilter_before_grouping
MACHINE_DATA_median,CHAMBER_q75,0.9770415785490283,0.0,0.0,1,1,MACHINE_DATA_median,CHAMBER_q75,tie_break_feature_order,global_prefilter_before_grouping
MACHINE_DATA_median,CHAMBER_std,0.8164102281096217,0.0,0.0,1,1,MACHINE_DATA_median,CHAMBER_std,tie_break_feature_order,global_prefilter_before_grouping
MACHINE_DATA_median,CHAMBER_nunique_ratio,0.917973933749175,0.0,0.0,1,2,MACHINE_DATA_median,CHAMBER_nunique_ratio,interpretability,global_prefilter_before_grouping
MACHINE_DATA_median,DRESSING_WATER_STATUS_nunique_ratio,0.9285129452783202,0.0,0.0,1,2,MACHINE_DATA_median,DRESSING_WATER_STATUS_nunique_ratio,interpretability,global_prefilter_before_grouping
USAGE_OF_BACKING_FILM_median,USAGE_OF_BACKING_FILM_q25,0.9999997688286865,0.0,0.0,1,1,USAGE_OF_BACKING_FILM_median,USAGE_OF_BACKING_FILM_q25,tie_break_feature_order,global_prefilter_before_grouping
USAGE_OF_BACKING_FILM_median,USAGE_OF_BACKING_FILM_q75,0.9999998673743338,0.0,0.0,1,1,USAGE_OF_BACKING_FILM_median,USAGE_OF_BACKING_FILM_q75,tie_break_feature_order,global_prefilter_before_grouping
USAGE_OF_BACKING_FILM_median,USAGE_OF_BACKING_FILM_first,0.9999994072159488,0.0,0.0,1,2,USAGE_OF_BACKING_FILM_median,USAGE_OF_BACKING_FILM_first,interpretability,global_prefilter_before_grouping
USAGE_OF_BACKING_FILM_median,USAGE_OF_BACKING_FILM_last,0.9999994645847669,0.0,0.0,1,2,USAGE_OF_BACKING_FILM_median,USAGE_OF_BACKING_FILM_last,interpretability,global_prefilter_before_grouping
USAGE_OF_BACKING_FILM_median,USAGE_OF_MEMBRANE_median,1.0000000000000002,0.0,0.0,1,1,USAGE_OF_BACKING_FILM_median,USAGE_OF_MEMBRANE_median,tie_break_feature_order,global_prefilter_before_grouping
USAGE_OF_BACKING_FILM_median,USAGE_OF_MEMBRANE_q25,0.9999997688405164,0.0,0.0,1,1,USAGE_OF_BACKING_FILM_median,USAGE_OF_MEMBRANE_q25,tie_break_feature_order,global_prefilter_before_grouping
USAGE_OF_BACKING_FILM_median,USAGE_OF_MEMBRANE_q75,0.9999998673145483,0.0,0.0,1,1,USAGE_OF_BACKING_FILM_median,USAGE_OF_MEMBRANE_q75,tie_break_feature_order,global_prefilter_before_grouping
USAGE_OF_BACKING_FILM_median,USAGE_OF_MEMBRANE_first,0.999999407215953,0.0,0.0,1,2,USAGE_OF_BACKING_FILM_median,USAGE_OF_MEMBRANE_first,interpretability,global_prefilter_before_grouping
USAGE_OF_BACKING_FILM_median,USAGE_OF_MEMBRANE_last,0.9999994644623093,0.0,0.0,1,2,USAGE_OF_BACKING_FILM_median,USAGE_OF_MEMBRANE_last,interpretability,global_prefilter_before_grouping
USAGE_OF_BACKING_FILM_median,USAGE_OF_PRESSURIZED_SHEET_median,0.9999999999787769,0.0,0.0,1,1,USAGE_OF_BACKING_FILM_median,USAGE_OF_PRESSURIZED_SHEET_median,tie_break_feature_order,global_prefilter_before_grouping
USAGE_OF_BACKING_FILM_median,USAGE_OF_PRESSURIZED_SHEET_q25,0.9999997688729747,0.0,0.0,1,1,USAGE_OF_BACKING_FILM_median,USAGE_OF_PRESSURIZED_SHEET_q25,tie_break_feature_order,global_prefilter_before_grouping
USAGE_OF_BACKING_FILM_median,USAGE_OF_PRESSURIZED_SHEET_q75,0.9999998672818963,0.0,0.0,1,1,USAGE_OF_BACKING_FILM_median,USAGE_OF_PRESSURIZED_SHEET_q75,tie_break_feature_order,global_prefilter_before_grouping
USAGE_OF_BACKING_FILM_median,USAGE_OF_PRESSURIZED_SHEET_first,0.9999994075945698,0.0,0.0,1,2,USAGE_OF_BACKING_FILM_median,USAGE_OF_PRESSURIZED_SHEET_first,interpretability,global_prefilter_before_grouping
USAGE_OF_BACKING_FILM_median,USAGE_OF_PRESSURIZED_SHEET_last,0.9999994644623096,0.0,0.0,1,2,USAGE_OF_BACKING_FILM_median,USAGE_OF_PRESSURIZED_SHEET_last,interpretability,global_prefilter_before_grouping
USAGE_OF_BACKING_FILM_delta,USAGE_OF_BACKING_FILM_slope,0.9495679481588915,0.0,0.0,2,2,USAGE_OF_BACKING_FILM_delta,USAGE_OF_BACKING_FILM_slope,tie_break_feature_order,global_prefilter_before_grouping
USAGE_OF_BACKING_FILM_delta,USAGE_OF_POLISHING_TABLE_delta,0.994189857618755,0.0,0.0,2,2,USAGE_OF_BACKING_FILM_delta,USAGE_OF_POLISHING_TABLE_delta,tie_break_feature_order,global_prefilter_before_grouping
USAGE_OF_BACKING_FILM_delta,USAGE_OF_POLISHING_TABLE_slope,0.9466495525213059,0.0,0.0,2,2,USAGE_OF_BACKING_FILM_delta,USAGE_OF_POLISHING_TABLE_slope,tie_break_feature_order,global_prefilter_before_grouping
USAGE_OF_BACKING_FILM_delta,PRESSURIZED_CHAMBER_PRESSURE_median,0.8455889610685244,0.0,0.0,2,1,PRESSURIZED_CHAMBER_PRESSURE_median,USAGE_OF_BACKING_FILM_delta,interpretability,global_prefilter_before_grouping
USAGE_OF_DRESSER_median,USAGE_OF_DRESSER_q25,0.9999999142079342,0.0,0.0,1,1,USAGE_OF_DRESSER_median,USAGE_OF_DRESSER_q25,tie_break_feature_order,global_prefilter_before_grouping
USAGE_OF_DRESSER_median,USAGE_OF_DRESSER_q75,0.999999637693544,0.0,0.0,1,1,USAGE_OF_DRESSER_median,USAGE_OF_DRESSER_q75,tie_break_feature_order,global_prefilter_before_grouping
USAGE_OF_DRESSER_median,USAGE_OF_DRESSER_first,0.9999998168336575,0.0,0.0,1,2,USAGE_OF_DRESSER_median,USAGE_OF_DRESSER_first,interpretability,global_prefilter_before_grouping
USAGE_OF_DRESSER_median,USAGE_OF_DRESSER_last,0.9999996217850802,0.0,0.0,1,2,USAGE_OF_DRESSER_median,USAGE_OF_DRESSER_last,interpretability,global_prefilter_before_grouping
USAGE_OF_DRESSER_delta,USAGE_OF_DRESSER_slope,0.8907603270743334,0.0,0.0,2,2,USAGE_OF_DRESSER_delta,USAGE_OF_DRESSER_slope,tie_break_feature_order,global_prefilter_before_grouping
USAGE_OF_POLISHING_TABLE_median,USAGE_OF_POLISHING_TABLE_q25,0.9998120605051098,0.0,0.0,1,1,USAGE_OF_POLISHING_TABLE_median,USAGE_OF_POLISHING_TABLE_q25,tie_break_feature_order,global_prefilter_before_grouping
USAGE_OF_POLISHING_TABLE_median,USAGE_OF_POLISHING_TABLE_q75,0.9999056531394283,0.0,0.0,1,1,USAGE_OF_POLISHING_TABLE_median,USAGE_OF_POLISHING_TABLE_q75,tie_break_feature_order,global_prefilter_before_grouping
USAGE_OF_POLISHING_TABLE_median,USAGE_OF_POLISHING_TABLE_first,0.9995773948994026,0.0,0.0,1,2,USAGE_OF_POLISHING_TABLE_median,USAGE_OF_POLISHING_TABLE_first,interpretability,global_prefilter_before_grouping
USAGE_OF_POLISHING_TABLE_median,USAGE_OF_POLISHING_TABLE_last,0.9995849664712405,0.0,0.0,1,2,USAGE_OF_POLISHING_TABLE_median,USAGE_OF_POLISHING_TABLE_last,interpretability,global_prefilter_before_grouping
USAGE_OF_DRESSER_TABLE_median,USAGE_OF_DRESSER_TABLE_q25,0.9999999909317527,0.0,0.0,1,1,USAGE_OF_DRESSER_TABLE_median,USAGE_OF_DRESSER_TABLE_q25,tie_break_feature_order,global_prefilter_before_grouping
USAGE_OF_DRESSER_TABLE_median,USAGE_OF_DRESSER_TABLE_q75,0.9999999649282365,0.0,0.0,1,1,USAGE_OF_DRESSER_TABLE_median,USAGE_OF_DRESSER_TABLE_q75,tie_break_feature_order,global_prefilter_before_grouping
USAGE_OF_DRESSER_TABLE_median,USAGE_OF_DRESSER_TABLE_first,0.99999998291396,0.0,0.0,1,2,USAGE_OF_DRESSER_TABLE_median,USAGE_OF_DRESSER_TABLE_first,interpretability,global_prefilter_before_grouping
USAGE_OF_DRESSER_TABLE_median,USAGE_OF_DRESSER_TABLE_last,0.9999999634904115,0.0,0.0,1,2,USAGE_OF_DRESSER_TABLE_median,USAGE_OF_DRESSER_TABLE_last,interpretability,global_prefilter_before_grouping
USAGE_OF_DRESSER_TABLE_delta,USAGE_OF_DRESSER_TABLE_slope,0.9036085354261554,0.0,0.0,2,2,USAGE_OF_DRESSER_TABLE_delta,USAGE_OF_DRESSER_TABLE_slope,tie_break_feature_order,global_prefilter_before_grouping
PRESSURIZED_CHAMBER_PRESSURE_median,PRESSURIZED_CHAMBER_PRESSURE_q25,0.8745780508306863,0.0,0.0,1,1,PRESSURIZED_CHAMBER_PRESSURE_median,PRESSURIZED_CHAMBER_PRESSURE_q25,tie_break_feature_order,global_prefilter_before_grouping
PRESSURIZED_CHAMBER_PRESSURE_median,PRESSURIZED_CHAMBER_PRESSURE_seg2_mean,0.8358525414834739,0.0,0.0,1,1,PRESSURIZED_CHAMBER_PRESSURE_median,PRESSURIZED_CHAMBER_PRESSURE_seg2_mean,tie_break_feature_order,global_prefilter_before_grouping
PRESSURIZED_CHAMBER_PRESSURE_median,PRESSURIZED_CHAMBER_PRESSURE_seg3_mean,0.9313208486385994,0.0,0.0,1,1,PRESSURIZED_CHAMBER_PRESSURE_median,PRESSURIZED_CHAMBER_PRESSURE_seg3_mean,tie_break_feature_order,global_prefilter_before_grouping
PRESSURIZED_CHAMBER_PRESSURE_median,MAIN_OUTER_AIR_BAG_PRESSURE_median,0.9738870090381677,0.0,0.0,1,1,PRESSURIZED_CHAMBER_PRESSURE_median,MAIN_OUTER_AIR_BAG_PRESSURE_median,tie_break_feature_order,global_prefilter_before_grouping
PRESSURIZED_CHAMBER_PRESSURE_median,MAIN_OUTER_AIR_BAG_PRESSURE_q25,0.809027342310235,0.0,0.0,1,1,PRESSURIZED_CHAMBER_PRESSURE_median,MAIN_OUTER_AIR_BAG_PRESSURE_q25,tie_break_feature_order,global_prefilter_before_grouping
PRESSURIZED_CHAMBER_PRESSURE_median,MAIN_OUTER_AIR_BAG_PRESSURE_seg2_mean,0.8598528203566651,0.0,0.0,1,1,PRESSURIZED_CHAMBER_PRESSURE_median,MAIN_OUTER_AIR_BAG_PRESSURE_seg2_mean,tie_break_feature_order,global_prefilter_before_grouping
PRESSURIZED_CHAMBER_PRESSURE_median,MAIN_OUTER_AIR_BAG_PRESSURE_seg3_mean,0.9235726675050381,0.0,0.0,1,1,PRESSURIZED_CHAMBER_PRESSURE_median,MAIN_OUTER_AIR_BAG_PRESSURE_seg3_mean,tie_break_feature_order,global_prefilter_before_grouping
PRESSURIZED_CHAMBER_PRESSURE_median,CENTER_AIR_BAG_PRESSURE_median,0.971444855703483,0.0,0.0,1,1,PRESSURIZED_CHAMBER_PRESSURE_median,CENTER_AIR_BAG_PRESSURE_median,tie_break_feature_order,global_prefilter_before_grouping
PRESSURIZED_CHAMBER_PRESSURE_median,CENTER_AIR_BAG_PRESSURE_q25,0.8102565347107317,0.0,0.0,1,1,PRESSURIZED_CHAMBER_PRESSURE_median,CENTER_AIR_BAG_PRESSURE_q25,tie_break_feature_order,global_prefilter_before_grouping
PRESSURIZED_CHAMBER_PRESSURE_median,CENTER_AIR_BAG_PRESSURE_seg2_mean,0.854488784039253,0.0,0.0,1,1,PRESSURIZED_CHAMBER_PRESSURE_median,CENTER_AIR_BAG_PRESSURE_seg2_mean,tie_break_feature_order,global_prefilter_before_grouping
PRESSURIZED_CHAMBER_PRESSURE_median,CENTER_AIR_BAG_PRESSURE_seg3_mean,0.9206356150205449,0.0,0.0,1,1,PRESSURIZED_CHAMBER_PRESSURE_median,CENTER_AIR_BAG_PRESSURE_seg3_mean,tie_break_feature_order,global_prefilter_before_grouping
PRESSURIZED_CHAMBER_PRESSURE_median,RETAINER_RING_PRESSURE_median,0.9665213296214219,0.0,0.0,1,1,PRESSURIZED_CHAMBER_PRESSURE_median,RETAINER_RING_PRESSURE_median,tie_break_feature_order,global_prefilter_before_grouping
PRESSURIZED_CHAMBER_PRESSURE_median,RETAINER_RING_PRESSURE_q25,0.8556490163129924,0.0,0.0,1,1,PRESSURIZED_CHAMBER_PRESSURE_median,RETAINER_RING_PRESSURE_q25,tie_break_feature_order,global_prefilter_before_grouping
PRESSURIZED_CHAMBER_PRESSURE_median,RETAINER_RING_PRESSURE_seg2_mean,0.8448574312658913,0.0,0.0,1,1,PRESSURIZED_CHAMBER_PRESSURE_median,RETAINER_RING_PRESSURE_seg2_mean,tie_break_feature_order,global_prefilter_before_grouping
PRESSURIZED_CHAMBER_PRESSURE_median,RETAINER_RING_PRESSURE_seg3_mean,0.9156968682393567,0.0,0.0,1,1,PRESSURIZED_CHAMBER_PRESSURE_median,RETAINER_RING_PRESSURE_seg3_mean,tie_break_feature_order,global_prefilter_before_grouping
PRESSURIZED_CHAMBER_PRESSURE_median,RIPPLE_AIR_BAG_PRESSURE_median,0.9740061517601667,0.0,0.0,1,1,PRESSURIZED_CHAMBER_PRESSURE_median,RIPPLE_AIR_BAG_PRESSURE_median,tie_break_feature_order,global_prefilter_before_grouping
PRESSURIZED_CHAMBER_PRESSURE_median,RIPPLE_AIR_BAG_PRESSURE_q25,0.8179735135724477,0.0,0.0,1,1,PRESSURIZED_CHAMBER_PRESSURE_median,RIPPLE_AIR_BAG_PRESSURE_q25,tie_break_feature_order,global_prefilter_before_grouping
PRESSURIZED_CHAMBER_PRESSURE_median,RIPPLE_AIR_BAG_PRESSURE_seg2_mean,0.876496849766642,0.0,0.0,1,1,PRESSURIZED_CHAMBER_PRESSURE_median,RIPPLE_AIR_BAG_PRESSURE_seg2_mean,tie_break_feature_order,global_prefilter_before_grouping
PRESSURIZED_CHAMBER_PRESSURE_median,RIPPLE_AIR_BAG_PRESSURE_seg3_mean,0.924683306822091,0.0,0.0,1,1,PRESSURIZED_CHAMBER_PRESSURE_median,RIPPLE_AIR_BAG_PRESSURE_seg3_mean,tie_break_feature_order,global_prefilter_before_grouping
PRESSURIZED_CHAMBER_PRESSURE_median,USAGE_OF_MEMBRANE_delta,0.8455883050222355,0.0,0.0,1,2,PRESSURIZED_CHAMBER_PRESSURE_median,USAGE_OF_MEMBRANE_delta,interpretability,global_prefilter_before_grouping
PRESSURIZED_CHAMBER_PRESSURE_median,USAGE_OF_MEMBRANE_slope,0.8459948037472481,0.0,0.0,1,2,PRESSURIZED_CHAMBER_PRESSURE_median,USAGE_OF_MEMBRANE_slope,interpretability,global_prefilter_before_grouping
PRESSURIZED_CHAMBER_PRESSURE_median,USAGE_OF_PRESSURIZED_SHEET_delta,0.8455662278070885,0.0,0.0,1,2,PRESSURIZED_CHAMBER_PRESSURE_median,USAGE_OF_PRESSURIZED_SHEET_delta,interpretability,global_prefilter_before_grouping
PRESSURIZED_CHAMBER_PRESSURE_median,USAGE_OF_PRESSURIZED_SHEET_slope,0.8459964302864337,0.0,0.0,1,2,PRESSURIZED_CHAMBER_PRESSURE_median,USAGE_OF_PRESSURIZED_SHEET_slope,interpretability,global_prefilter_before_grouping
PRESSURIZED_CHAMBER_PRESSURE_median,SLURRY_FLOW_LINE_A_q25,0.875233940448406,0.0,0.0,1,1,PRESSURIZED_CHAMBER_PRESSURE_median,SLURRY_FLOW_LINE_A_q25,tie_break_feature_order,global_prefilter_before_grouping
PRESSURIZED_CHAMBER_PRESSURE_median,SLURRY_FLOW_LINE_A_q10,0.8348591999426497,0.0,0.0,1,1,PRESSURIZED_CHAMBER_PRESSURE_median,SLURRY_FLOW_LINE_A_q10,tie_break_feature_order,global_prefilter_before_grouping
PRESSURIZED_CHAMBER_PRESSURE_median,SLURRY_FLOW_LINE_A_seg3_median,0.8000481389944605,0.0,0.0,1,1,PRESSURIZED_CHAMBER_PRESSURE_median,SLURRY_FLOW_LINE_A_seg3_median,tie_break_feature_order,global_prefilter_before_grouping
PRESSURIZED_CHAMBER_PRESSURE_median,SLURRY_FLOW_LINE_B_q25,0.8756229242082777,0.0,0.0,1,1,PRESSURIZED_CHAMBER_PRESSURE_median,SLURRY_FLOW_LINE_B_q25,tie_break_feature_order,global_prefilter_before_grouping
PRESSURIZED_CHAMBER_PRESSURE_median,SLURRY_FLOW_LINE_B_q10,0.8349495223450442,0.0,0.0,1,1,PRESSURIZED_CHAMBER_PRESSURE_median,SLURRY_FLOW_LINE_B_q10,tie_break_feature_order,global_prefilter_before_grouping
PRESSURIZED_CHAMBER_PRESSURE_median,SLURRY_FLOW_LINE_B_seg3_mean,0.8318779118749545,0.0,0.0,1,1,PRESSURIZED_CHAMBER_PRESSURE_median,SLURRY_FLOW_LINE_B_seg3_mean,tie_break_feature_order,global_prefilter_before_grouping
PRESSURIZED_CHAMBER_PRESSURE_median,SLURRY_FLOW_LINE_B_seg3_std,0.8599145068706879,0.0,0.0,1,1,PRESSURIZED_CHAMBER_PRESSURE_median,SLURRY_FLOW_LINE_B_seg3_std,tie_break_feature_order,global_prefilter_before_grouping
PRESSURIZED_CHAMBER_PRESSURE_median,SLURRY_FLOW_LINE_B_seg3_median,0.8462412130798355,0.0,0.0,1,1,PRESSURIZED_CHAMBER_PRESSURE_median,SLURRY_FLOW_LINE_B_seg3_median,tie_break_feature_order,global_prefilter_before_grouping
PRESSURIZED_CHAMBER_PRESSURE_median,SLURRY_FLOW_LINE_C_median,0.9657638708359755,0.0,0.0,1,1,PRESSURIZED_CHAMBER_PRESSURE_median,SLURRY_FLOW_LINE_C_median,tie_break_feature_order,global_prefilter_before_grouping
PRESSURIZED_CHAMBER_PRESSURE_median,SLURRY_FLOW_LINE_C_seg2_median,0.868469034118942,0.0,0.0,1,1,PRESSURIZED_CHAMBER_PRESSURE_median,SLURRY_FLOW_LINE_C_seg2_median,tie_break_feature_order,global_prefilter_before_grouping
PRESSURIZED_CHAMBER_PRESSURE_median,SLURRY_FLOW_LINE_C_seg3_mean,0.9077159482993419,0.0,0.0,1,1,PRESSURIZED_CHAMBER_PRESSURE_median,SLURRY_FLOW_LINE_C_seg3_mean,tie_break_feature_order,global_prefilter_before_grouping
PRESSURIZED_CHAMBER_PRESSURE_median,SLURRY_FLOW_LINE_C_seg3_std,0.8256747640901887,0.0,0.0,1,1,PRESSURIZED_CHAMBER_PRESSURE_median,SLURRY_FLOW_LINE_C_seg3_std,tie_break_feature_order,global_prefilter_before_grouping
PRESSURIZED_CHAMBER_PRESSURE_median,SLURRY_FLOW_LINE_C_seg3_median,0.8829006702116182,0.0,0.0,1,1,PRESSURIZED_CHAMBER_PRESSURE_median,SLURRY_FLOW_LINE_C_seg3_median,tie_break_feature_order,global_prefilter_before_grouping
PRESSURIZED_CHAMBER_PRESSURE_median,SLURRY_FLOW_LINE_C_low_flow_ratio,0.8711473706706495,0.0,0.0,1,2,PRESSURIZED_CHAMBER_PRESSURE_median,SLURRY_FLOW_LINE_C_low_flow_ratio,interpretability,global_prefilter_before_grouping
PRESSURIZED_CHAMBER_PRESSURE_median,EDGE_AIR_BAG_PRESSURE_median,0.9732604901570271,0.0,0.0,1,1,PRESSURIZED_CHAMBER_PRESSURE_median,EDGE_AIR_BAG_PRESSURE_median,tie_break_feature_order,global_prefilter_before_grouping
PRESSURIZED_CHAMBER_PRESSURE_median,EDGE_AIR_BAG_PRESSURE_q25,0.8196970371879431,0.0,0.0,1,1,PRESSURIZED_CHAMBER_PRESSURE_median,EDGE_AIR_BAG_PRESSURE_q25,tie_break_feature_order,global_prefilter_before_grouping
PRESSURIZED_CHAMBER_PRESSURE_median,EDGE_AIR_BAG_PRESSURE_seg2_mean,0.8520851301500033,0.0,0.0,1,1,PRESSURIZED_CHAMBER_PRESSURE_median,EDGE_AIR_BAG_PRESSURE_seg2_mean,tie_break_feature_order,global_prefilter_before_grouping
PRESSURIZED_CHAMBER_PRESSURE_median,EDGE_AIR_BAG_PRESSURE_seg3_mean,0.9281574886341891,0.0,0.0,1,1,PRESSURIZED_CHAMBER_PRESSURE_median,EDGE_AIR_BAG_PRESSURE_seg3_mean,tie_break_feature_order,global_prefilter_before_grouping
PRESSURIZED_CHAMBER_PRESSURE_iqr,MAIN_OUTER_AIR_BAG_PRESSURE_iqr,0.9148248872307868,0.0,0.0,2,2,PRESSURIZED_CHAMBER_PRESSURE_iqr,MAIN_OUTER_AIR_BAG_PRESSURE_iqr,tie_break_feature_order,global_prefilter_before_grouping
PRESSURIZED_CHAMBER_PRESSURE_iqr,MAIN_OUTER_AIR_BAG_PRESSURE_std,0.8065100294001455,0.0,0.0,2,1,MAIN_OUTER_AIR_BAG_PRESSURE_std,PRESSURIZED_CHAMBER_PRESSURE_iqr,interpretability,global_prefilter_before_grouping
PRESSURIZED_CHAMBER_PRESSURE_robust_range,PRESSURIZED_CHAMBER_PRESSURE_std,0.9484257086402204,0.0,0.0,2,1,PRESSURIZED_CHAMBER_PRESSURE_std,PRESSURIZED_CHAMBER_PRESSURE_robust_range,interpretability,global_prefilter_before_grouping
PRESSURIZED_CHAMBER_PRESSURE_std,PRESSURIZED_CHAMBER_PRESSURE_seg1_std,0.8761863793832597,0.0,0.0,1,1,PRESSURIZED_CHAMBER_PRESSURE_std,PRESSURIZED_CHAMBER_PRESSURE_seg1_std,tie_break_feature_order,global_prefilter_before_grouping
PRESSURIZED_CHAMBER_PRESSURE_std,PRESSURIZED_CHAMBER_PRESSURE_seg2_std,0.920194309531595,0.0,0.0,1,1,PRESSURIZED_CHAMBER_PRESSURE_std,PRESSURIZED_CHAMBER_PRESSURE_seg2_std,tie_break_feature_order,global_prefilter_before_grouping
MAIN_OUTER_AIR_BAG_PRESSURE_q10,CENTER_AIR_BAG_PRESSURE_q10,0.9203329551950067,0.0,0.0,1,1,MAIN_OUTER_AIR_BAG_PRESSURE_q10,CENTER_AIR_BAG_PRESSURE_q10,tie_break_feature_order,global_prefilter_before_grouping
MAIN_OUTER_AIR_BAG_PRESSURE_q10,RIPPLE_AIR_BAG_PRESSURE_q10,0.8676265773474267,0.0,0.0,1,1,MAIN_OUTER_AIR_BAG_PRESSURE_q10,RIPPLE_AIR_BAG_PRESSURE_q10,tie_break_feature_order,global_prefilter_before_grouping
MAIN_OUTER_AIR_BAG_PRESSURE_robust_range,MAIN_OUTER_AIR_BAG_PRESSURE_std,0.972980370500687,0.0,0.0,2,1,MAIN_OUTER_AIR_BAG_PRESSURE_std,MAIN_OUTER_AIR_BAG_PRESSURE_robust_range,interpretability,global_prefilter_before_grouping
MAIN_OUTER_AIR_BAG_PRESSURE_std,MAIN_OUTER_AIR_BAG_PRESSURE_seg1_std,0.8272909267269376,0.0,0.0,1,1,MAIN_OUTER_AIR_BAG_PRESSURE_std,MAIN_OUTER_AIR_BAG_PRESSURE_seg1_std,tie_break_feature_order,global_prefilter_before_grouping
MAIN_OUTER_AIR_BAG_PRESSURE_std,MAIN_OUTER_AIR_BAG_PRESSURE_seg2_std,0.9135786047346178,0.0,0.0,1,1,MAIN_OUTER_AIR_BAG_PRESSURE_std,MAIN_OUTER_AIR_BAG_PRESSURE_seg2_std,tie_break_feature_order,global_prefilter_before_grouping
MAIN_OUTER_AIR_BAG_PRESSURE_std,CENTER_AIR_BAG_PRESSURE_iqr,0.8931346528997307,0.0,0.0,1,2,MAIN_OUTER_AIR_BAG_PRESSURE_std,CENTER_AIR_BAG_PRESSURE_iqr,interpretability,global_prefilter_before_grouping
MAIN_OUTER_AIR_BAG_PRESSURE_std,CENTER_AIR_BAG_PRESSURE_robust_range,0.9190906641301471,0.0,0.0,1,2,MAIN_OUTER_AIR_BAG_PRESSURE_std,CENTER_AIR_BAG_PRESSURE_robust_range,interpretability,global_prefilter_before_grouping
MAIN_OUTER_AIR_BAG_PRESSURE_std,CENTER_AIR_BAG_PRESSURE_std,0.9600785644060981,0.0,0.0,1,1,MAIN_OUTER_AIR_BAG_PRESSURE_std,CENTER_AIR_BAG_PRESSURE_std,tie_break_feature_order,global_prefilter_before_grouping
MAIN_OUTER_AIR_BAG_PRESSURE_std,CENTER_AIR_BAG_PRESSURE_seg2_std,0.8615719529312109,0.0,0.0,1,1,MAIN_OUTER_AIR_BAG_PRESSURE_std,CENTER_AIR_BAG_PRESSURE_seg2_std,tie_break_feature_order,global_prefilter_before_grouping
MAIN_OUTER_AIR_BAG_PRESSURE_std,RIPPLE_AIR_BAG_PRESSURE_iqr,0.8573064982874048,0.0,0.0,1,2,MAIN_OUTER_AIR_BAG_PRESSURE_std,RIPPLE_AIR_BAG_PRESSURE_iqr,interpretability,global_prefilter_before_grouping
MAIN_OUTER_AIR_BAG_PRESSURE_std,RIPPLE_AIR_BAG_PRESSURE_robust_range,0.898460403967253,0.0,0.0,1,2,MAIN_OUTER_AIR_BAG_PRESSURE_std,RIPPLE_AIR_BAG_PRESSURE_robust_range,interpretability,global_prefilter_before_grouping
MAIN_OUTER_AIR_BAG_PRESSURE_std,RIPPLE_AIR_BAG_PRESSURE_std,0.9125167043403366,0.0,0.0,1,1,MAIN_OUTER_AIR_BAG_PRESSURE_std,RIPPLE_AIR_BAG_PRESSURE_std,tie_break_feature_order,global_prefilter_before_grouping
MAIN_OUTER_AIR_BAG_PRESSURE_std,RIPPLE_AIR_BAG_PRESSURE_seg1_std,0.8188781410811095,0.0,0.0,1,1,MAIN_OUTER_AIR_BAG_PRESSURE_std,RIPPLE_AIR_BAG_PRESSURE_seg1_std,tie_break_feature_order,global_prefilter_before_grouping
MAIN_OUTER_AIR_BAG_PRESSURE_std,RIPPLE_AIR_BAG_PRESSURE_seg2_std,0.8682066098757727,0.0,0.0,1,1,MAIN_OUTER_AIR_BAG_PRESSURE_std,RIPPLE_AIR_BAG_PRESSURE_seg2_std,tie_break_feature_order,global_prefilter_before_grouping
MAIN_OUTER_AIR_BAG_PRESSURE_std,EDGE_AIR_BAG_PRESSURE_iqr,0.8381102383692755,0.0,0.0,1,2,MAIN_OUTER_AIR_BAG_PRESSURE_std,EDGE_AIR_BAG_PRESSURE_iqr,interpretability,global_prefilter_before_grouping
MAIN_OUTER_AIR_BAG_PRESSURE_std,EDGE_AIR_BAG_PRESSURE_std,0.8430028907175448,0.0,0.0,1,1,MAIN_OUTER_AIR_BAG_PRESSURE_std,EDGE_AIR_BAG_PRESSURE_std,tie_break_feature_order,global_prefilter_before_grouping
MAIN_OUTER_AIR_BAG_PRESSURE_seg1_mean,CENTER_AIR_BAG_PRESSURE_seg1_mean,0.8358888921559479,0.0,0.0,1,1,MAIN_OUTER_AIR_BAG_PRESSURE_seg1_mean,CENTER_AIR_BAG_PRESSURE_seg1_mean,tie_break_feature_order,global_prefilter_before_grouping
MAIN_OUTER_AIR_BAG_PRESSURE_seg1_mean,RIPPLE_AIR_BAG_PRESSURE_seg1_mean,0.8068748332943065,0.0,0.0,1,1,MAIN_OUTER_AIR_BAG_PRESSURE_seg1_mean,RIPPLE_AIR_BAG_PRESSURE_seg1_mean,tie_break_feature_order,global_prefilter_before_grouping
MAIN_OUTER_AIR_BAG_PRESSURE_seg3_std,CENTER_AIR_BAG_PRESSURE_seg3_std,0.9715167171071785,0.0,0.0,1,1,MAIN_OUTER_AIR_BAG_PRESSURE_seg3_std,CENTER_AIR_BAG_PRESSURE_seg3_std,tie_break_feature_order,global_prefilter_before_grouping
MAIN_OUTER_AIR_BAG_PRESSURE_upper_tail_ratio,CENTER_AIR_BAG_PRESSURE_upper_tail_ratio,0.8162524101975768,0.0,0.0,3,3,MAIN_OUTER_AIR_BAG_PRESSURE_upper_tail_ratio,CENTER_AIR_BAG_PRESSURE_upper_tail_ratio,tie_break_feature_order,global_prefilter_before_grouping
RETAINER_RING_PRESSURE_q10,EDGE_AIR_BAG_PRESSURE_q10,0.8069372508441806,0.0,0.0,1,1,RETAINER_RING_PRESSURE_q10,EDGE_AIR_BAG_PRESSURE_q10,tie_break_feature_order,global_prefilter_before_grouping
RETAINER_RING_PRESSURE_iqr,RETAINER_RING_PRESSURE_robust_range,0.9007771802396539,0.0,0.0,2,2,RETAINER_RING_PRESSURE_iqr,RETAINER_RING_PRESSURE_robust_range,tie_break_feature_order,global_prefilter_before_grouping
RETAINER_RING_PRESSURE_iqr,RETAINER_RING_PRESSURE_std,0.9106439254463381,0.0,0.0,2,1,RETAINER_RING_PRESSURE_std,RETAINER_RING_PRESSURE_iqr,interpretability,global_prefilter_before_grouping
RETAINER_RING_PRESSURE_std,RETAINER_RING_PRESSURE_seg1_std,0.8799982550301988,0.0,0.0,1,1,RETAINER_RING_PRESSURE_std,RETAINER_RING_PRESSURE_seg1_std,tie_break_feature_order,global_prefilter_before_grouping
RETAINER_RING_PRESSURE_std,RETAINER_RING_PRESSURE_seg2_std,0.9146392544084605,0.0,0.0,1,1,RETAINER_RING_PRESSURE_std,RETAINER_RING_PRESSURE_seg2_std,tie_break_feature_order,global_prefilter_before_grouping
SLURRY_FLOW_LINE_A_median,SLURRY_FLOW_LINE_A_seg2_median,0.8374271953150715,0.0,0.0,1,1,SLURRY_FLOW_LINE_A_median,SLURRY_FLOW_LINE_A_seg2_median,tie_break_feature_order,global_prefilter_before_grouping
SLURRY_FLOW_LINE_A_median,SLURRY_FLOW_LINE_B_median,0.9911251401789043,0.0,0.0,1,1,SLURRY_FLOW_LINE_A_median,SLURRY_FLOW_LINE_B_median,tie_break_feature_order,global_prefilter_before_grouping
SLURRY_FLOW_LINE_A_median,SLURRY_FLOW_LINE_B_q75,0.8956918080564646,0.0,0.0,1,1,SLURRY_FLOW_LINE_A_median,SLURRY_FLOW_LINE_B_q75,tie_break_feature_order,global_prefilter_before_grouping
SLURRY_FLOW_LINE_A_median,SLURRY_FLOW_LINE_B_q90,0.8629913275767704,0.0,0.0,1,1,SLURRY_FLOW_LINE_A_median,SLURRY_FLOW_LINE_B_q90,tie_break_feature_order,global_prefilter_before_grouping
SLURRY_FLOW_LINE_A_median,SLURRY_FLOW_LINE_B_seg1_median,0.8885303263115885,0.0,0.0,1,1,SLURRY_FLOW_LINE_A_median,SLURRY_FLOW_LINE_B_seg1_median,tie_break_feature_order,global_prefilter_before_grouping
SLURRY_FLOW_LINE_A_median,SLURRY_FLOW_LINE_B_seg2_mean,0.8378566273676203,0.0,0.0,1,1,SLURRY_FLOW_LINE_A_median,SLURRY_FLOW_LINE_B_seg2_mean,tie_break_feature_order,global_prefilter_before_grouping
SLURRY_FLOW_LINE_A_median,SLURRY_FLOW_LINE_B_seg2_median,0.9673011855842618,0.0,0.0,1,1,SLURRY_FLOW_LINE_A_median,SLURRY_FLOW_LINE_B_seg2_median,tie_break_feature_order,global_prefilter_before_grouping
SLURRY_FLOW_LINE_A_median,WAFER_ROTATION_q90,0.803374054582561,0.0,0.0,1,1,SLURRY_FLOW_LINE_A_median,WAFER_ROTATION_q90,tie_break_feature_order,global_prefilter_before_grouping
SLURRY_FLOW_LINE_A_median,WAFER_ROTATION_robust_range,0.8027648109145001,0.0,0.0,1,2,SLURRY_FLOW_LINE_A_median,WAFER_ROTATION_robust_range,interpretability,global_prefilter_before_grouping
SLURRY_FLOW_LINE_A_q90,SLURRY_FLOW_LINE_A_robust_range,0.9914857698681034,0.0,0.0,1,2,SLURRY_FLOW_LINE_A_q90,SLURRY_FLOW_LINE_A_robust_range,interpretability,global_prefilter_before_grouping
SLURRY_FLOW_LINE_A_q90,SLURRY_FLOW_LINE_A_std,0.9451212903620073,0.0,0.0,1,1,SLURRY_FLOW_LINE_A_q90,SLURRY_FLOW_LINE_A_std,tie_break_feature_order,global_prefilter_before_grouping
SLURRY_FLOW_LINE_A_q90,SLURRY_FLOW_LINE_A_seg2_mean,0.8940886546139227,0.0,0.0,1,1,SLURRY_FLOW_LINE_A_q90,SLURRY_FLOW_LINE_A_seg2_mean,tie_break_feature_order,global_prefilter_before_grouping
SLURRY_FLOW_LINE_A_q90,SLURRY_FLOW_LINE_A_seg2_std,0.889866149386018,0.0,0.0,1,1,SLURRY_FLOW_LINE_A_q90,SLURRY_FLOW_LINE_A_seg2_std,tie_break_feature_order,global_prefilter_before_grouping
SLURRY_FLOW_LINE_A_q90,SLURRY_FLOW_LINE_A_seg3_mean,0.8575532244404285,0.0,0.0,1,1,SLURRY_FLOW_LINE_A_q90,SLURRY_FLOW_LINE_A_seg3_mean,tie_break_feature_order,global_prefilter_before_grouping
SLURRY_FLOW_LINE_A_q90,SLURRY_FLOW_LINE_A_seg3_std,0.9157565524857456,0.0,0.0,1,1,SLURRY_FLOW_LINE_A_q90,SLURRY_FLOW_LINE_A_seg3_std,tie_break_feature_order,global_prefilter_before_grouping
SLURRY_FLOW_LINE_A_q90,SLURRY_FLOW_LINE_A_stability,0.8319476881442727,0.0,0.0,1,3,SLURRY_FLOW_LINE_A_q90,SLURRY_FLOW_LINE_A_stability,interpretability,global_prefilter_before_grouping
SLURRY_FLOW_LINE_A_low_flow_ratio,SLURRY_FLOW_LINE_B_robust_range,0.8717720075791562,0.0,0.0,2,2,SLURRY_FLOW_LINE_A_low_flow_ratio,SLURRY_FLOW_LINE_B_robust_range,tie_break_feature_order,global_prefilter_before_grouping
SLURRY_FLOW_LINE_A_low_flow_ratio,SLURRY_FLOW_LINE_B_low_flow_ratio,0.9215413212750115,0.0,0.0,2,2,SLURRY_FLOW_LINE_A_low_flow_ratio,SLURRY_FLOW_LINE_B_low_flow_ratio,tie_break_feature_order,global_prefilter_before_grouping
SLURRY_FLOW_LINE_B_iqr,SLURRY_FLOW_LINE_B_seg2_std,0.8624882805256299,0.0,0.0,2,1,SLURRY_FLOW_LINE_B_seg2_std,SLURRY_FLOW_LINE_B_iqr,interpretability,global_prefilter_before_grouping
SLURRY_FLOW_LINE_B_slope,SLURRY_FLOW_LINE_C_slope,0.8190807711291201,0.0,0.0,2,2,SLURRY_FLOW_LINE_B_slope,SLURRY_FLOW_LINE_C_slope,tie_break_feature_order,global_prefilter_before_grouping
SLURRY_FLOW_LINE_C_q90,SLURRY_FLOW_LINE_C_robust_range,0.9383499769983582,0.0,0.0,1,2,SLURRY_FLOW_LINE_C_q90,SLURRY_FLOW_LINE_C_robust_range,interpretability,global_prefilter_before_grouping
WAFER_ROTATION_q25,WAFER_ROTATION_q10,0.8955816134040424,0.0,0.0,1,1,WAFER_ROTATION_q25,WAFER_ROTATION_q10,tie_break_feature_order,global_prefilter_before_grouping
WAFER_ROTATION_q75,WAFER_ROTATION_iqr,0.9993874201627826,0.0,0.0,1,2,WAFER_ROTATION_q75,WAFER_ROTATION_iqr,interpretability,global_prefilter_before_grouping
WAFER_ROTATION_q75,STAGE_ROTATION_q90,0.8103072588904455,0.0,0.0,1,1,WAFER_ROTATION_q75,STAGE_ROTATION_q90,tie_break_feature_order,global_prefilter_before_grouping
WAFER_ROTATION_q75,STAGE_ROTATION_robust_range,0.8103072588904455,0.0,0.0,1,2,WAFER_ROTATION_q75,STAGE_ROTATION_robust_range,interpretability,global_prefilter_before_grouping
WAFER_ROTATION_q75,STAGE_ROTATION_seg2_mean,0.8324055366504429,0.0,0.0,1,1,WAFER_ROTATION_q75,STAGE_ROTATION_seg2_mean,tie_break_feature_order,global_prefilter_before_grouping
STAGE_ROTATION_q75,STAGE_ROTATION_iqr,0.9987160772196915,0.0,0.0,1,2,STAGE_ROTATION_q75,STAGE_ROTATION_iqr,interpretability,global_prefilter_before_grouping
HEAD_ROTATION_q25,HEAD_ROTATION_q10,0.9999895668361034,0.0,0.0,1,1,HEAD_ROTATION_q25,HEAD_ROTATION_q10,tie_break_feature_order,global_prefilter_before_grouping
HEAD_ROTATION_q25,HEAD_ROTATION_iqr,0.9999381030693675,0.0,0.0,1,2,HEAD_ROTATION_q25,HEAD_ROTATION_iqr,interpretability,global_prefilter_before_grouping
HEAD_ROTATION_q25,HEAD_ROTATION_robust_range,0.9947246918592183,0.0,0.0,1,2,HEAD_ROTATION_q25,HEAD_ROTATION_robust_range,interpretability,global_prefilter_before_grouping
HEAD_ROTATION_std,HEAD_ROTATION_lag1_autocorr,0.8334326236783075,0.0,0.0,1,3,HEAD_ROTATION_std,HEAD_ROTATION_lag1_autocorr,interpretability,global_prefilter_before_grouping
HEAD_ROTATION_std,HEAD_ROTATION_seg3_std,0.8076395721304676,0.0,0.0,1,1,HEAD_ROTATION_std,HEAD_ROTATION_seg3_std,tie_break_feature_order,global_prefilter_before_grouping
DRESSING_WATER_STATUS_median,DRESSING_WATER_STATUS_zero_ratio,0.85359603424849,0.0,0.0,1,2,DRESSING_WATER_STATUS_median,DRESSING_WATER_STATUS_zero_ratio,interpretability,global_prefilter_before_grouping
DRESSING_WATER_STATUS_q25,DRESSING_WATER_STATUS_std,0.8084843877729959,0.0,0.0,1,1,DRESSING_WATER_STATUS_q25,DRESSING_WATER_STATUS_std,tie_break_feature_order,global_prefilter_before_grouping
EDGE_AIR_BAG_PRESSURE_robust_range,EDGE_AIR_BAG_PRESSURE_seg1_std,0.8777298819010662,0.0,0.0,2,1,EDGE_AIR_BAG_PRESSURE_seg1_std,EDGE_AIR_BAG_PRESSURE_robust_range,interpretability,global_prefilter_before_grouping
EDGE_AIR_BAG_PRESSURE_seg1_std,EDGE_AIR_BAG_PRESSURE_seg2_std,0.8180573929186364,0.0,0.0,1,1,EDGE_AIR_BAG_PRESSURE_seg1_std,EDGE_AIR_BAG_PRESSURE_seg2_std,tie_break_feature_order,global_prefilter_before_grouping
