group,outer_fold,model,inner_best_rmse,outer_rmse,outer_mae,best_params,n_selected_features,selected_features
low,1,XGBoost,4.851526765989419,7.005911663770651,5.669662354061192,"{""n_estimators"": 897, ""max_depth"": 4, ""learning_rate"": 0.019662217632109732, ""colsample_bytree"": 0.8006142311871662}",46,"[""USAGE_OF_DRESSER_median"", ""MAIN_OUTER_AIR_BAG_PRESSURE_q90"", ""MAIN_OUTER_AIR_BAG_PRESSURE_q75"", ""CENTER_AIR_BAG_PRESSURE_q90"", ""CENTER_AIR_BAG_PRESSURE_q75"", ""WAFER_ROTATION_seg2_mean"", ""EDGE_AIR_BAG_PRESSURE_q75"", ""USAGE_OF_DRESSER_TABLE_median"", ""SLURRY_FLOW_LINE_C_q90"", ""SLURRY_FLOW_LINE_C_q10"", ""RIPPLE_AIR_BAG_PRESSURE_q75"", ""PRESSURIZED_CHAMBER_PRESSURE_q75"", ""SLURRY_FLOW_LINE_C_q25"", ""WAFER_ROTATION_std"", ""RIPPLE_AIR_BAG_PRESSURE_seg3_std"", ""RIPPLE_AIR_BAG_PRESSURE_q90"", ""SLURRY_FLOW_LINE_C_seg1_std"", ""SLURRY_FLOW_LINE_C_seg1_mean"", ""PRESSURIZED_CHAMBER_PRESSURE_seg1_mean"", ""PRESSURIZED_CHAMBER_PRESSURE_median"", ""WAFER_ROTATION_seg1_std"", ""USAGE_OF_BACKING_FILM_median"", ""SLURRY_FLOW_LINE_C_q75"", ""STAGE_ROTATION_seg1_mean"", ""EDGE_AIR_BAG_PRESSURE_seg1_mean"", ""SLURRY_FLOW_LINE_C_seg2_mean"", ""SLURRY_FLOW_LINE_A_seg1_mean"", ""WAFER_ROTATION_q75"", ""WAFER_ROTATION_lag1_autocorr"", ""SLURRY_FLOW_LINE_A_iqr"", ""PRESSURIZED_CHAMBER_PRESSURE_q10"", ""WAFER_ROTATION_seg2_std"", ""MAIN_OUTER_AIR_BAG_PRESSURE_std"", ""STAGE_ROTATION_seg1_std"", ""SLURRY_FLOW_LINE_A_seg1_std"", ""WAFER_ROTATION_slope"", ""PRESSURIZED_CHAMBER_PRESSURE_std"", ""PRESSURIZED_CHAMBER_PRESSURE_q90"", ""HEAD_ROTATION_q90"", ""USAGE_OF_POLISHING_TABLE_median"", ""SLURRY_FLOW_LINE_A_q75"", ""CENTER_AIR_BAG_PRESSURE_spike_count"", ""EDGE_AIR_BAG_PRESSURE_q90"", ""STAGE_ROTATION_q75"", ""RETAINER_RING_PRESSURE_q90"", ""WAFER_ROTATION_seg3_mean""]"
low,1,RandomForest,5.025329296240459,9.02067288619004,7.923925753151008,"{""n_estimators"": 336, ""max_depth"": 16, ""min_samples_split"": 4, ""max_features"": 0.25389151410864097}",46,"[""USAGE_OF_DRESSER_median"", ""MAIN_OUTER_AIR_BAG_PRESSURE_q90"", ""MAIN_OUTER_AIR_BAG_PRESSURE_q75"", ""CENTER_AIR_BAG_PRESSURE_q90"", ""CENTER_AIR_BAG_PRESSURE_q75"", ""WAFER_ROTATION_seg2_mean"", ""EDGE_AIR_BAG_PRESSURE_q75"", ""USAGE_OF_DRESSER_TABLE_median"", ""SLURRY_FLOW_LINE_C_q90"", ""SLURRY_FLOW_LINE_C_q10"", ""RIPPLE_AIR_BAG_PRESSURE_q75"", ""PRESSURIZED_CHAMBER_PRESSURE_q75"", ""SLURRY_FLOW_LINE_C_q25"", ""WAFER_ROTATION_std"", ""RIPPLE_AIR_BAG_PRESSURE_seg3_std"", ""RIPPLE_AIR_BAG_PRESSURE_q90"", ""SLURRY_FLOW_LINE_C_seg1_std"", ""SLURRY_FLOW_LINE_C_seg1_mean"", ""PRESSURIZED_CHAMBER_PRESSURE_seg1_mean"", ""PRESSURIZED_CHAMBER_PRESSURE_median"", ""WAFER_ROTATION_seg1_std"", ""USAGE_OF_BACKING_FILM_median"", ""SLURRY_FLOW_LINE_C_q75"", ""STAGE_ROTATION_seg1_mean"", ""EDGE_AIR_BAG_PRESSURE_seg1_mean"", ""SLURRY_FLOW_LINE_C_seg2_mean"", ""SLURRY_FLOW_LINE_A_seg1_mean"", ""WAFER_ROTATION_q75"", ""WAFER_ROTATION_lag1_autocorr"", ""SLURRY_FLOW_LINE_A_iqr"", ""PRESSURIZED_CHAMBER_PRESSURE_q10"", ""WAFER_ROTATION_seg2_std"", ""MAIN_OUTER_AIR_BAG_PRESSURE_std"", ""STAGE_ROTATION_seg1_std"", ""SLURRY_FLOW_LINE_A_seg1_std"", ""WAFER_ROTATION_slope"", ""PRESSURIZED_CHAMBER_PRESSURE_std"", ""PRESSURIZED_CHAMBER_PRESSURE_q90"", ""HEAD_ROTATION_q90"", ""USAGE_OF_POLISHING_TABLE_median"", ""SLURRY_FLOW_LINE_A_q75"", ""CENTER_AIR_BAG_PRESSURE_spike_count"", ""EDGE_AIR_BAG_PRESSURE_q90"", ""STAGE_ROTATION_q75"", ""RETAINER_RING_PRESSURE_q90"", ""WAFER_ROTATION_seg3_mean""]"
low,1,SVR,5.36271496026305,6.654427606299895,5.279027538194397,"{""C"": 30.106950036401212, ""epsilon"": 0.018374232003777684, ""gamma"": 0.009736867808277094}",46,"[""USAGE_OF_DRESSER_median"", ""MAIN_OUTER_AIR_BAG_PRESSURE_q90"", ""MAIN_OUTER_AIR_BAG_PRESSURE_q75"", ""CENTER_AIR_BAG_PRESSURE_q90"", ""CENTER_AIR_BAG_PRESSURE_q75"", ""WAFER_ROTATION_seg2_mean"", ""EDGE_AIR_BAG_PRESSURE_q75"", ""USAGE_OF_DRESSER_TABLE_median"", ""SLURRY_FLOW_LINE_C_q90"", ""SLURRY_FLOW_LINE_C_q10"", ""RIPPLE_AIR_BAG_PRESSURE_q75"", ""PRESSURIZED_CHAMBER_PRESSURE_q75"", ""SLURRY_FLOW_LINE_C_q25"", ""WAFER_ROTATION_std"", ""RIPPLE_AIR_BAG_PRESSURE_seg3_std"", ""RIPPLE_AIR_BAG_PRESSURE_q90"", ""SLURRY_FLOW_LINE_C_seg1_std"", ""SLURRY_FLOW_LINE_C_seg1_mean"", ""PRESSURIZED_CHAMBER_PRESSURE_seg1_mean"", ""PRESSURIZED_CHAMBER_PRESSURE_median"", ""WAFER_ROTATION_seg1_std"", ""USAGE_OF_BACKING_FILM_median"", ""SLURRY_FLOW_LINE_C_q75"", ""STAGE_ROTATION_seg1_mean"", ""EDGE_AIR_BAG_PRESSURE_seg1_mean"", ""SLURRY_FLOW_LINE_C_seg2_mean"", ""SLURRY_FLOW_LINE_A_seg1_mean"", ""WAFER_ROTATION_q75"", ""WAFER_ROTATION_lag1_autocorr"", ""SLURRY_FLOW_LINE_A_iqr"", ""PRESSURIZED_CHAMBER_PRESSURE_q10"", ""WAFER_ROTATION_seg2_std"", ""MAIN_OUTER_AIR_BAG_PRESSURE_std"", ""STAGE_ROTATION_seg1_std"", ""SLURRY_FLOW_LINE_A_seg1_std"", ""WAFER_ROTATION_slope"", ""PRESSURIZED_CHAMBER_PRESSURE_std"", ""PRESSURIZED_CHAMBER_PRESSURE_q90"", ""HEAD_ROTATION_q90"", ""USAGE_OF_POLISHING_TABLE_median"", ""SLURRY_FLOW_LINE_A_q75"", ""CENTER_AIR_BAG_PRESSURE_spike_count"", ""EDGE_AIR_BAG_PRESSURE_q90"", ""STAGE_ROTATION_q75"", ""RETAINER_RING_PRESSURE_q90"", ""WAFER_ROTATION_seg3_mean""]"
low,2,XGBoost,5.20916328833873,6.59114960315106,5.451783936228833,"{""n_estimators"": 710, ""max_depth"": 2, ""learning_rate"": 0.022466754866224372, ""colsample_bytree"": 0.8645889424365993}",37,"[""CENTER_AIR_BAG_PRESSURE_q75"", ""CENTER_AIR_BAG_PRESSURE_q90"", ""USAGE_OF_DRESSER_median"", ""USAGE_OF_DRESSER_TABLE_median"", ""WAFER_ROTATION_seg2_std"", ""RIPPLE_AIR_BAG_PRESSURE_q90"", ""PRESSURIZED_CHAMBER_PRESSURE_q75"", ""RIPPLE_AIR_BAG_PRESSURE_q75"", ""SLURRY_FLOW_LINE_C_q90"", ""WAFER_ROTATION_seg2_mean"", ""EDGE_AIR_BAG_PRESSURE_q75"", ""STAGE_ROTATION_seg1_std"", ""USAGE_OF_BACKING_FILM_median"", ""WAFER_ROTATION_slope"", ""SLURRY_FLOW_LINE_C_seg1_std"", ""PRESSURIZED_CHAMBER_PRESSURE_seg1_mean"", ""MAIN_OUTER_AIR_BAG_PRESSURE_q90"", ""SLURRY_FLOW_LINE_C_q25"", ""MAIN_OUTER_AIR_BAG_PRESSURE_q75"", ""EDGE_AIR_BAG_PRESSURE_seg1_mean"", ""WAFER_ROTATION_seg1_mean"", ""CENTER_AIR_BAG_PRESSURE_spike_count"", ""STAGE_ROTATION_median"", ""PRESSURIZED_CHAMBER_PRESSURE_q90"", ""SLURRY_FLOW_LINE_C_seg1_mean"", ""SLURRY_FLOW_LINE_C_seg2_std"", ""PRESSURIZED_CHAMBER_PRESSURE_seg3_std"", ""EDGE_AIR_BAG_PRESSURE_spike_count"", ""SLURRY_FLOW_LINE_C_iqr"", ""STAGE_ROTATION_q75"", ""SLURRY_FLOW_LINE_A_seg1_mean"", ""STAGE_ROTATION_seg1_mean"", ""USAGE_OF_POLISHING_TABLE_median"", ""WAFER_ROTATION_seg1_std"", ""WAFER_ROTATION_seg3_std"", ""WAFER_ROTATION_q75"", ""SLURRY_FLOW_LINE_C_q75""]"
low,2,RandomForest,5.765783637261658,6.8521627597455605,5.708419748029803,"{""n_estimators"": 349, ""max_depth"": 13, ""min_samples_split"": 3, ""max_features"": 0.2998443190895604}",37,"[""CENTER_AIR_BAG_PRESSURE_q75"", ""CENTER_AIR_BAG_PRESSURE_q90"", ""USAGE_OF_DRESSER_median"", ""USAGE_OF_DRESSER_TABLE_median"", ""WAFER_ROTATION_seg2_std"", ""RIPPLE_AIR_BAG_PRESSURE_q90"", ""PRESSURIZED_CHAMBER_PRESSURE_q75"", ""RIPPLE_AIR_BAG_PRESSURE_q75"", ""SLURRY_FLOW_LINE_C_q90"", ""WAFER_ROTATION_seg2_mean"", ""EDGE_AIR_BAG_PRESSURE_q75"", ""STAGE_ROTATION_seg1_std"", ""USAGE_OF_BACKING_FILM_median"", ""WAFER_ROTATION_slope"", ""SLURRY_FLOW_LINE_C_seg1_std"", ""PRESSURIZED_CHAMBER_PRESSURE_seg1_mean"", ""MAIN_OUTER_AIR_BAG_PRESSURE_q90"", ""SLURRY_FLOW_LINE_C_q25"", ""MAIN_OUTER_AIR_BAG_PRESSURE_q75"", ""EDGE_AIR_BAG_PRESSURE_seg1_mean"", ""WAFER_ROTATION_seg1_mean"", ""CENTER_AIR_BAG_PRESSURE_spike_count"", ""STAGE_ROTATION_median"", ""PRESSURIZED_CHAMBER_PRESSURE_q90"", ""SLURRY_FLOW_LINE_C_seg1_mean"", ""SLURRY_FLOW_LINE_C_seg2_std"", ""PRESSURIZED_CHAMBER_PRESSURE_seg3_std"", ""EDGE_AIR_BAG_PRESSURE_spike_count"", ""SLURRY_FLOW_LINE_C_iqr"", ""STAGE_ROTATION_q75"", ""SLURRY_FLOW_LINE_A_seg1_mean"", ""STAGE_ROTATION_seg1_mean"", ""USAGE_OF_POLISHING_TABLE_median"", ""WAFER_ROTATION_seg1_std"", ""WAFER_ROTATION_seg3_std"", ""WAFER_ROTATION_q75"", ""SLURRY_FLOW_LINE_C_q75""]"
low,2,SVR,5.388589955806314,6.071427744289333,4.994129242579211,"{""C"": 59.58600879629599, ""epsilon"": 0.014941640857291332, ""gamma"": 0.009821274717455484}",37,"[""CENTER_AIR_BAG_PRESSURE_q75"", ""CENTER_AIR_BAG_PRESSURE_q90"", ""USAGE_OF_DRESSER_median"", ""USAGE_OF_DRESSER_TABLE_median"", ""WAFER_ROTATION_seg2_std"", ""RIPPLE_AIR_BAG_PRESSURE_q90"", ""PRESSURIZED_CHAMBER_PRESSURE_q75"", ""RIPPLE_AIR_BAG_PRESSURE_q75"", ""SLURRY_FLOW_LINE_C_q90"", ""WAFER_ROTATION_seg2_mean"", ""EDGE_AIR_BAG_PRESSURE_q75"", ""STAGE_ROTATION_seg1_std"", ""USAGE_OF_BACKING_FILM_median"", ""WAFER_ROTATION_slope"", ""SLURRY_FLOW_LINE_C_seg1_std"", ""PRESSURIZED_CHAMBER_PRESSURE_seg1_mean"", ""MAIN_OUTER_AIR_BAG_PRESSURE_q90"", ""SLURRY_FLOW_LINE_C_q25"", ""MAIN_OUTER_AIR_BAG_PRESSURE_q75"", ""EDGE_AIR_BAG_PRESSURE_seg1_mean"", ""WAFER_ROTATION_seg1_mean"", ""CENTER_AIR_BAG_PRESSURE_spike_count"", ""STAGE_ROTATION_median"", ""PRESSURIZED_CHAMBER_PRESSURE_q90"", ""SLURRY_FLOW_LINE_C_seg1_mean"", ""SLURRY_FLOW_LINE_C_seg2_std"", ""PRESSURIZED_CHAMBER_PRESSURE_seg3_std"", ""EDGE_AIR_BAG_PRESSURE_spike_count"", ""SLURRY_FLOW_LINE_C_iqr"", ""STAGE_ROTATION_q75"", ""SLURRY_FLOW_LINE_A_seg1_mean"", ""STAGE_ROTATION_seg1_mean"", ""USAGE_OF_POLISHING_TABLE_median"", ""WAFER_ROTATION_seg1_std"", ""WAFER_ROTATION_seg3_std"", ""WAFER_ROTATION_q75"", ""SLURRY_FLOW_LINE_C_q75""]"
low,3,XGBoost,5.531563211329905,6.565029569774669,5.2720367304114655,"{""n_estimators"": 864, ""max_depth"": 2, ""learning_rate"": 0.019137633152001902, ""colsample_bytree"": 0.9603532571088401}",38,"[""USAGE_OF_DRESSER_TABLE_median"", ""CENTER_AIR_BAG_PRESSURE_q75"", ""CENTER_AIR_BAG_PRESSURE_q90"", ""RIPPLE_AIR_BAG_PRESSURE_q90"", ""WAFER_ROTATION_seg1_mean"", ""USAGE_OF_DRESSER_median"", ""USAGE_OF_BACKING_FILM_median"", ""MAIN_OUTER_AIR_BAG_PRESSURE_q90"", ""RIPPLE_AIR_BAG_PRESSURE_q75"", ""SLURRY_FLOW_LINE_C_q90"", ""SLURRY_FLOW_LINE_C_q25"", ""PRESSURIZED_CHAMBER_PRESSURE_q90"", ""WAFER_ROTATION_seg2_std"", ""SLURRY_FLOW_LINE_C_seg1_std"", ""SLURRY_FLOW_LINE_C_q10"", ""PRESSURIZED_CHAMBER_PRESSURE_seg1_mean"", ""SLURRY_FLOW_LINE_A_seg1_std"", ""WAFER_ROTATION_slope"", ""MAIN_OUTER_AIR_BAG_PRESSURE_q75"", ""STAGE_ROTATION_seg1_mean"", ""SLURRY_FLOW_LINE_A_seg1_mean"", ""EDGE_AIR_BAG_PRESSURE_q90"", ""WAFER_ROTATION_seg2_mean"", ""SLURRY_FLOW_LINE_C_seg1_median"", ""PRESSURIZED_CHAMBER_PRESSURE_q75"", ""WAFER_ROTATION_seg3_std"", ""EDGE_AIR_BAG_PRESSURE_q75"", ""MAIN_OUTER_AIR_BAG_PRESSURE_seg1_mean"", ""STAGE_ROTATION_seg1_std"", ""EDGE_AIR_BAG_PRESSURE_seg1_mean"", ""PRESSURIZED_CHAMBER_PRESSURE_upper_tail_ratio"", ""USAGE_OF_POLISHING_TABLE_median"", ""SLURRY_FLOW_LINE_C_q75"", ""SLURRY_FLOW_LINE_C_seg2_mean"", ""SLURRY_FLOW_LINE_B_seg1_std"", ""SLURRY_FLOW_LINE_B_seg1_mean"", ""STAGE_ROTATION_q75"", ""PRESSURIZED_CHAMBER_PRESSURE_median""]"
low,3,RandomForest,6.541111056667473,6.981931451417987,5.570700409065095,"{""n_estimators"": 310, ""max_depth"": 19, ""min_samples_split"": 2, ""max_features"": 0.31640336410174175}",38,"[""USAGE_OF_DRESSER_TABLE_median"", ""CENTER_AIR_BAG_PRESSURE_q75"", ""CENTER_AIR_BAG_PRESSURE_q90"", ""RIPPLE_AIR_BAG_PRESSURE_q90"", ""WAFER_ROTATION_seg1_mean"", ""USAGE_OF_DRESSER_median"", ""USAGE_OF_BACKING_FILM_median"", ""MAIN_OUTER_AIR_BAG_PRESSURE_q90"", ""RIPPLE_AIR_BAG_PRESSURE_q75"", ""SLURRY_FLOW_LINE_C_q90"", ""SLURRY_FLOW_LINE_C_q25"", ""PRESSURIZED_CHAMBER_PRESSURE_q90"", ""WAFER_ROTATION_seg2_std"", ""SLURRY_FLOW_LINE_C_seg1_std"", ""SLURRY_FLOW_LINE_C_q10"", ""PRESSURIZED_CHAMBER_PRESSURE_seg1_mean"", ""SLURRY_FLOW_LINE_A_seg1_std"", ""WAFER_ROTATION_slope"", ""MAIN_OUTER_AIR_BAG_PRESSURE_q75"", ""STAGE_ROTATION_seg1_mean"", ""SLURRY_FLOW_LINE_A_seg1_mean"", ""EDGE_AIR_BAG_PRESSURE_q90"", ""WAFER_ROTATION_seg2_mean"", ""SLURRY_FLOW_LINE_C_seg1_median"", ""PRESSURIZED_CHAMBER_PRESSURE_q75"", ""WAFER_ROTATION_seg3_std"", ""EDGE_AIR_BAG_PRESSURE_q75"", ""MAIN_OUTER_AIR_BAG_PRESSURE_seg1_mean"", ""STAGE_ROTATION_seg1_std"", ""EDGE_AIR_BAG_PRESSURE_seg1_mean"", ""PRESSURIZED_CHAMBER_PRESSURE_upper_tail_ratio"", ""USAGE_OF_POLISHING_TABLE_median"", ""SLURRY_FLOW_LINE_C_q75"", ""SLURRY_FLOW_LINE_C_seg2_mean"", ""SLURRY_FLOW_LINE_B_seg1_std"", ""SLURRY_FLOW_LINE_B_seg1_mean"", ""STAGE_ROTATION_q75"", ""PRESSURIZED_CHAMBER_PRESSURE_median""]"
low,3,SVR,5.746180733954716,7.423201915765314,6.122509948169146,"{""C"": 56.11505534548386, ""epsilon"": 0.019324123202060558, ""gamma"": 0.009920734710433133}",38,"[""USAGE_OF_DRESSER_TABLE_median"", ""CENTER_AIR_BAG_PRESSURE_q75"", ""CENTER_AIR_BAG_PRESSURE_q90"", ""RIPPLE_AIR_BAG_PRESSURE_q90"", ""WAFER_ROTATION_seg1_mean"", ""USAGE_OF_DRESSER_median"", ""USAGE_OF_BACKING_FILM_median"", ""MAIN_OUTER_AIR_BAG_PRESSURE_q90"", ""RIPPLE_AIR_BAG_PRESSURE_q75"", ""SLURRY_FLOW_LINE_C_q90"", ""SLURRY_FLOW_LINE_C_q25"", ""PRESSURIZED_CHAMBER_PRESSURE_q90"", ""WAFER_ROTATION_seg2_std"", ""SLURRY_FLOW_LINE_C_seg1_std"", ""SLURRY_FLOW_LINE_C_q10"", ""PRESSURIZED_CHAMBER_PRESSURE_seg1_mean"", ""SLURRY_FLOW_LINE_A_seg1_std"", ""WAFER_ROTATION_slope"", ""MAIN_OUTER_AIR_BAG_PRESSURE_q75"", ""STAGE_ROTATION_seg1_mean"", ""SLURRY_FLOW_LINE_A_seg1_mean"", ""EDGE_AIR_BAG_PRESSURE_q90"", ""WAFER_ROTATION_seg2_mean"", ""SLURRY_FLOW_LINE_C_seg1_median"", ""PRESSURIZED_CHAMBER_PRESSURE_q75"", ""WAFER_ROTATION_seg3_std"", ""EDGE_AIR_BAG_PRESSURE_q75"", ""MAIN_OUTER_AIR_BAG_PRESSURE_seg1_mean"", ""STAGE_ROTATION_seg1_std"", ""EDGE_AIR_BAG_PRESSURE_seg1_mean"", ""PRESSURIZED_CHAMBER_PRESSURE_upper_tail_ratio"", ""USAGE_OF_POLISHING_TABLE_median"", ""SLURRY_FLOW_LINE_C_q75"", ""SLURRY_FLOW_LINE_C_seg2_mean"", ""SLURRY_FLOW_LINE_B_seg1_std"", ""SLURRY_FLOW_LINE_B_seg1_mean"", ""STAGE_ROTATION_q75"", ""PRESSURIZED_CHAMBER_PRESSURE_median""]"
low,4,XGBoost,5.219992379510007,7.416417061749936,5.960475492645774,"{""n_estimators"": 769, ""max_depth"": 2, ""learning_rate"": 0.027547748155948883, ""colsample_bytree"": 0.8084679624722051}",40,"[""CENTER_AIR_BAG_PRESSURE_q75"", ""CENTER_AIR_BAG_PRESSURE_q90"", ""USAGE_OF_DRESSER_TABLE_median"", ""RIPPLE_AIR_BAG_PRESSURE_q90"", ""USAGE_OF_DRESSER_median"", ""SLURRY_FLOW_LINE_C_q25"", ""WAFER_ROTATION_seg2_mean"", ""PRESSURIZED_CHAMBER_PRESSURE_q90"", ""USAGE_OF_BACKING_FILM_median"", ""SLURRY_FLOW_LINE_C_seg1_mean"", ""SLURRY_FLOW_LINE_A_seg1_std"", ""EDGE_AIR_BAG_PRESSURE_seg1_mean"", ""WAFER_ROTATION_seg2_std"", ""EDGE_AIR_BAG_PRESSURE_q75"", ""PRESSURIZED_CHAMBER_PRESSURE_seg1_mean"", ""SLURRY_FLOW_LINE_A_q75"", ""MAIN_OUTER_AIR_BAG_PRESSURE_seg1_mean"", ""SLURRY_FLOW_LINE_C_seg1_median"", ""USAGE_OF_POLISHING_TABLE_median"", ""EDGE_AIR_BAG_PRESSURE_seg3_std"", ""SLURRY_FLOW_LINE_C_q75"", ""MAIN_OUTER_AIR_BAG_PRESSURE_q75"", ""STAGE_ROTATION_seg1_std"", ""WAFER_ROTATION_seg1_std"", ""SLURRY_FLOW_LINE_A_seg1_mean"", ""PRESSURIZED_CHAMBER_PRESSURE_q75"", ""RIPPLE_AIR_BAG_PRESSURE_q75"", ""EDGE_AIR_BAG_PRESSURE_q90"", ""PRESSURIZED_CHAMBER_PRESSURE_median"", ""WAFER_ROTATION_seg3_std"", ""WAFER_ROTATION_seg1_mean"", ""MAIN_OUTER_AIR_BAG_PRESSURE_std"", ""SLURRY_FLOW_LINE_C_stability"", ""CENTER_AIR_BAG_PRESSURE_spike_count"", ""SLURRY_FLOW_LINE_B_seg1_mean"", ""STAGE_ROTATION_q75"", ""DURATION_SEC"", ""SLURRY_FLOW_LINE_B_seg1_std"", ""RETAINER_RING_PRESSURE_q90"", ""HEAD_ROTATION_seg2_mean""]"
low,4,RandomForest,6.202498859925751,5.9559071587784596,4.710170486176653,"{""n_estimators"": 303, ""max_depth"": 21, ""min_samples_split"": 3, ""max_features"": 0.44505644271274836}",40,"[""CENTER_AIR_BAG_PRESSURE_q75"", ""CENTER_AIR_BAG_PRESSURE_q90"", ""USAGE_OF_DRESSER_TABLE_median"", ""RIPPLE_AIR_BAG_PRESSURE_q90"", ""USAGE_OF_DRESSER_median"", ""SLURRY_FLOW_LINE_C_q25"", ""WAFER_ROTATION_seg2_mean"", ""PRESSURIZED_CHAMBER_PRESSURE_q90"", ""USAGE_OF_BACKING_FILM_median"", ""SLURRY_FLOW_LINE_C_seg1_mean"", ""SLURRY_FLOW_LINE_A_seg1_std"", ""EDGE_AIR_BAG_PRESSURE_seg1_mean"", ""WAFER_ROTATION_seg2_std"", ""EDGE_AIR_BAG_PRESSURE_q75"", ""PRESSURIZED_CHAMBER_PRESSURE_seg1_mean"", ""SLURRY_FLOW_LINE_A_q75"", ""MAIN_OUTER_AIR_BAG_PRESSURE_seg1_mean"", ""SLURRY_FLOW_LINE_C_seg1_median"", ""USAGE_OF_POLISHING_TABLE_median"", ""EDGE_AIR_BAG_PRESSURE_seg3_std"", ""SLURRY_FLOW_LINE_C_q75"", ""MAIN_OUTER_AIR_BAG_PRESSURE_q75"", ""STAGE_ROTATION_seg1_std"", ""WAFER_ROTATION_seg1_std"", ""SLURRY_FLOW_LINE_A_seg1_mean"", ""PRESSURIZED_CHAMBER_PRESSURE_q75"", ""RIPPLE_AIR_BAG_PRESSURE_q75"", ""EDGE_AIR_BAG_PRESSURE_q90"", ""PRESSURIZED_CHAMBER_PRESSURE_median"", ""WAFER_ROTATION_seg3_std"", ""WAFER_ROTATION_seg1_mean"", ""MAIN_OUTER_AIR_BAG_PRESSURE_std"", ""SLURRY_FLOW_LINE_C_stability"", ""CENTER_AIR_BAG_PRESSURE_spike_count"", ""SLURRY_FLOW_LINE_B_seg1_mean"", ""STAGE_ROTATION_q75"", ""DURATION_SEC"", ""SLURRY_FLOW_LINE_B_seg1_std"", ""RETAINER_RING_PRESSURE_q90"", ""HEAD_ROTATION_seg2_mean""]"
low,4,SVR,5.821417885060866,5.763446482227311,4.182041394604304,"{""C"": 45.59284776674153, ""epsilon"": 0.019202539319844267, ""gamma"": 0.009913844257965423}",40,"[""CENTER_AIR_BAG_PRESSURE_q75"", ""CENTER_AIR_BAG_PRESSURE_q90"", ""USAGE_OF_DRESSER_TABLE_median"", ""RIPPLE_AIR_BAG_PRESSURE_q90"", ""USAGE_OF_DRESSER_median"", ""SLURRY_FLOW_LINE_C_q25"", ""WAFER_ROTATION_seg2_mean"", ""PRESSURIZED_CHAMBER_PRESSURE_q90"", ""USAGE_OF_BACKING_FILM_median"", ""SLURRY_FLOW_LINE_C_seg1_mean"", ""SLURRY_FLOW_LINE_A_seg1_std"", ""EDGE_AIR_BAG_PRESSURE_seg1_mean"", ""WAFER_ROTATION_seg2_std"", ""EDGE_AIR_BAG_PRESSURE_q75"", ""PRESSURIZED_CHAMBER_PRESSURE_seg1_mean"", ""SLURRY_FLOW_LINE_A_q75"", ""MAIN_OUTER_AIR_BAG_PRESSURE_seg1_mean"", ""SLURRY_FLOW_LINE_C_seg1_median"", ""USAGE_OF_POLISHING_TABLE_median"", ""EDGE_AIR_BAG_PRESSURE_seg3_std"", ""SLURRY_FLOW_LINE_C_q75"", ""MAIN_OUTER_AIR_BAG_PRESSURE_q75"", ""STAGE_ROTATION_seg1_std"", ""WAFER_ROTATION_seg1_std"", ""SLURRY_FLOW_LINE_A_seg1_mean"", ""PRESSURIZED_CHAMBER_PRESSURE_q75"", ""RIPPLE_AIR_BAG_PRESSURE_q75"", ""EDGE_AIR_BAG_PRESSURE_q90"", ""PRESSURIZED_CHAMBER_PRESSURE_median"", ""WAFER_ROTATION_seg3_std"", ""WAFER_ROTATION_seg1_mean"", ""MAIN_OUTER_AIR_BAG_PRESSURE_std"", ""SLURRY_FLOW_LINE_C_stability"", ""CENTER_AIR_BAG_PRESSURE_spike_count"", ""SLURRY_FLOW_LINE_B_seg1_mean"", ""STAGE_ROTATION_q75"", ""DURATION_SEC"", ""SLURRY_FLOW_LINE_B_seg1_std"", ""RETAINER_RING_PRESSURE_q90"", ""HEAD_ROTATION_seg2_mean""]"
low,5,XGBoost,5.686303448539142,6.255376518301595,4.648994157196556,"{""n_estimators"": 652, ""max_depth"": 2, ""learning_rate"": 0.029925190725094697, ""colsample_bytree"": 0.8023525168551457}",43,"[""CENTER_AIR_BAG_PRESSURE_q75"", ""PRESSURIZED_CHAMBER_PRESSURE_q75"", ""RIPPLE_AIR_BAG_PRESSURE_q90"", ""USAGE_OF_DRESSER_median"", ""CENTER_AIR_BAG_PRESSURE_q90"", ""SLURRY_FLOW_LINE_C_q25"", ""MAIN_OUTER_AIR_BAG_PRESSURE_seg1_mean"", ""SLURRY_FLOW_LINE_A_seg1_mean"", ""MAIN_OUTER_AIR_BAG_PRESSURE_q90"", ""WAFER_ROTATION_seg2_mean"", ""SLURRY_FLOW_LINE_A_seg1_std"", ""EDGE_AIR_BAG_PRESSURE_seg3_std"", ""USAGE_OF_BACKING_FILM_median"", ""EDGE_AIR_BAG_PRESSURE_seg1_mean"", ""PRESSURIZED_CHAMBER_PRESSURE_q10"", ""RIPPLE_AIR_BAG_PRESSURE_q75"", ""WAFER_ROTATION_seg2_std"", ""SLURRY_FLOW_LINE_C_seg1_median"", ""WAFER_ROTATION_seg3_std"", ""USAGE_OF_POLISHING_TABLE_median"", ""USAGE_OF_DRESSER_TABLE_median"", ""EDGE_AIR_BAG_PRESSURE_q75"", ""SLURRY_FLOW_LINE_C_q75"", ""PRESSURIZED_CHAMBER_PRESSURE_q90"", ""SLURRY_FLOW_LINE_C_iqr"", ""PRESSURIZED_CHAMBER_PRESSURE_std"", ""MAIN_OUTER_AIR_BAG_PRESSURE_seg3_std"", ""PRESSURIZED_CHAMBER_PRESSURE_seg1_mean"", ""SLURRY_FLOW_LINE_C_seg1_mean"", ""EDGE_AIR_BAG_PRESSURE_upper_tail_ratio"", ""SLURRY_FLOW_LINE_C_stability"", ""RIPPLE_AIR_BAG_PRESSURE_spike_count"", ""SLURRY_FLOW_LINE_B_seg1_std"", ""PRESSURIZED_CHAMBER_PRESSURE_seg3_std"", ""STAGE_ROTATION_q75"", ""WAFER_ROTATION_q75"", ""HEAD_ROTATION_seg2_std"", ""STAGE_ROTATION_lag1_autocorr"", ""PRESSURIZED_CHAMBER_PRESSURE_median"", ""WAFER_ROTATION_seg1_std"", ""CENTER_AIR_BAG_PRESSURE_seg1_std"", ""RETAINER_RING_PRESSURE_upper_tail_ratio"", ""WAFER_ROTATION_seg1_mean""]"
low,5,RandomForest,5.750249033645198,5.655551239339945,4.416681323390764,"{""n_estimators"": 366, ""max_depth"": 12, ""min_samples_split"": 2, ""max_features"": 0.3485498312919688}",43,"[""CENTER_AIR_BAG_PRESSURE_q75"", ""PRESSURIZED_CHAMBER_PRESSURE_q75"", ""RIPPLE_AIR_BAG_PRESSURE_q90"", ""USAGE_OF_DRESSER_median"", ""CENTER_AIR_BAG_PRESSURE_q90"", ""SLURRY_FLOW_LINE_C_q25"", ""MAIN_OUTER_AIR_BAG_PRESSURE_seg1_mean"", ""SLURRY_FLOW_LINE_A_seg1_mean"", ""MAIN_OUTER_AIR_BAG_PRESSURE_q90"", ""WAFER_ROTATION_seg2_mean"", ""SLURRY_FLOW_LINE_A_seg1_std"", ""EDGE_AIR_BAG_PRESSURE_seg3_std"", ""USAGE_OF_BACKING_FILM_median"", ""EDGE_AIR_BAG_PRESSURE_seg1_mean"", ""PRESSURIZED_CHAMBER_PRESSURE_q10"", ""RIPPLE_AIR_BAG_PRESSURE_q75"", ""WAFER_ROTATION_seg2_std"", ""SLURRY_FLOW_LINE_C_seg1_median"", ""WAFER_ROTATION_seg3_std"", ""USAGE_OF_POLISHING_TABLE_median"", ""USAGE_OF_DRESSER_TABLE_median"", ""EDGE_AIR_BAG_PRESSURE_q75"", ""SLURRY_FLOW_LINE_C_q75"", ""PRESSURIZED_CHAMBER_PRESSURE_q90"", ""SLURRY_FLOW_LINE_C_iqr"", ""PRESSURIZED_CHAMBER_PRESSURE_std"", ""MAIN_OUTER_AIR_BAG_PRESSURE_seg3_std"", ""PRESSURIZED_CHAMBER_PRESSURE_seg1_mean"", ""SLURRY_FLOW_LINE_C_seg1_mean"", ""EDGE_AIR_BAG_PRESSURE_upper_tail_ratio"", ""SLURRY_FLOW_LINE_C_stability"", ""RIPPLE_AIR_BAG_PRESSURE_spike_count"", ""SLURRY_FLOW_LINE_B_seg1_std"", ""PRESSURIZED_CHAMBER_PRESSURE_seg3_std"", ""STAGE_ROTATION_q75"", ""WAFER_ROTATION_q75"", ""HEAD_ROTATION_seg2_std"", ""STAGE_ROTATION_lag1_autocorr"", ""PRESSURIZED_CHAMBER_PRESSURE_median"", ""WAFER_ROTATION_seg1_std"", ""CENTER_AIR_BAG_PRESSURE_seg1_std"", ""RETAINER_RING_PRESSURE_upper_tail_ratio"", ""WAFER_ROTATION_seg1_mean""]"
low,5,SVR,5.634125035729867,6.035521003371562,4.700476972414628,"{""C"": 37.415034993636084, ""epsilon"": 0.011458651682410254, ""gamma"": 0.009849728468333038}",43,"[""CENTER_AIR_BAG_PRESSURE_q75"", ""PRESSURIZED_CHAMBER_PRESSURE_q75"", ""RIPPLE_AIR_BAG_PRESSURE_q90"", ""USAGE_OF_DRESSER_median"", ""CENTER_AIR_BAG_PRESSURE_q90"", ""SLURRY_FLOW_LINE_C_q25"", ""MAIN_OUTER_AIR_BAG_PRESSURE_seg1_mean"", ""SLURRY_FLOW_LINE_A_seg1_mean"", ""MAIN_OUTER_AIR_BAG_PRESSURE_q90"", ""WAFER_ROTATION_seg2_mean"", ""SLURRY_FLOW_LINE_A_seg1_std"", ""EDGE_AIR_BAG_PRESSURE_seg3_std"", ""USAGE_OF_BACKING_FILM_median"", ""EDGE_AIR_BAG_PRESSURE_seg1_mean"", ""PRESSURIZED_CHAMBER_PRESSURE_q10"", ""RIPPLE_AIR_BAG_PRESSURE_q75"", ""WAFER_ROTATION_seg2_std"", ""SLURRY_FLOW_LINE_C_seg1_median"", ""WAFER_ROTATION_seg3_std"", ""USAGE_OF_POLISHING_TABLE_median"", ""USAGE_OF_DRESSER_TABLE_median"", ""EDGE_AIR_BAG_PRESSURE_q75"", ""SLURRY_FLOW_LINE_C_q75"", ""PRESSURIZED_CHAMBER_PRESSURE_q90"", ""SLURRY_FLOW_LINE_C_iqr"", ""PRESSURIZED_CHAMBER_PRESSURE_std"", ""MAIN_OUTER_AIR_BAG_PRESSURE_seg3_std"", ""PRESSURIZED_CHAMBER_PRESSURE_seg1_mean"", ""SLURRY_FLOW_LINE_C_seg1_mean"", ""EDGE_AIR_BAG_PRESSURE_upper_tail_ratio"", ""SLURRY_FLOW_LINE_C_stability"", ""RIPPLE_AIR_BAG_PRESSURE_spike_count"", ""SLURRY_FLOW_LINE_B_seg1_std"", ""PRESSURIZED_CHAMBER_PRESSURE_seg3_std"", ""STAGE_ROTATION_q75"", ""WAFER_ROTATION_q75"", ""HEAD_ROTATION_seg2_std"", ""STAGE_ROTATION_lag1_autocorr"", ""PRESSURIZED_CHAMBER_PRESSURE_median"", ""WAFER_ROTATION_seg1_std"", ""CENTER_AIR_BAG_PRESSURE_seg1_std"", ""RETAINER_RING_PRESSURE_upper_tail_ratio"", ""WAFER_ROTATION_seg1_mean""]"
high,1,XGBoost,2.6552485035463462,2.3983289797731717,1.984062385253906,"{""n_estimators"": 547, ""max_depth"": 2, ""learning_rate"": 0.02646226285599237, ""colsample_bytree"": 0.8763689178471405}",43,"[""USAGE_OF_DRESSER_TABLE_median"", ""USAGE_OF_BACKING_FILM_median"", ""CENTER_AIR_BAG_PRESSURE_q90"", ""PRESSURIZED_CHAMBER_PRESSURE_seg1_mean"", ""EDGE_AIR_BAG_PRESSURE_q90"", ""USAGE_OF_DRESSER_median"", ""MAIN_OUTER_AIR_BAG_PRESSURE_seg1_mean"", ""EDGE_AIR_BAG_PRESSURE_q75"", ""STAGE_ROTATION_q75"", ""SLURRY_FLOW_LINE_C_seg1_median"", ""PRESSURIZED_CHAMBER_PRESSURE_std"", ""EDGE_AIR_BAG_PRESSURE_upper_tail_ratio"", ""PRESSURIZED_CHAMBER_PRESSURE_q75"", ""SLURRY_FLOW_LINE_A_q75"", ""EDGE_AIR_BAG_PRESSURE_seg1_mean"", ""SLURRY_FLOW_LINE_C_seg1_std"", ""PRESSURIZED_CHAMBER_PRESSURE_seg3_std"", ""SLURRY_FLOW_LINE_A_seg1_median"", ""SLURRY_FLOW_LINE_B_seg1_std"", ""SLURRY_FLOW_LINE_A_seg1_mean"", ""SLURRY_FLOW_LINE_C_q75"", ""HEAD_ROTATION_slope"", ""HEAD_ROTATION_seg2_std"", ""STAGE_ROTATION_lag1_autocorr"", ""WAFER_ROTATION_seg1_mean"", ""HEAD_ROTATION_seg1_std"", ""RETAINER_RING_PRESSURE_q75"", ""STAGE_ROTATION_std"", ""WAFER_ROTATION_lag1_autocorr"", ""CENTER_AIR_BAG_PRESSURE_q75"", ""SLURRY_FLOW_LINE_A_iqr"", ""MAIN_OUTER_AIR_BAG_PRESSURE_q75"", ""DRESSING_WATER_STATUS_median"", ""HEAD_ROTATION_seg3_mean"", ""HEAD_ROTATION_seg2_mean"", ""WAFER_ROTATION_seg1_std"", ""PRESSURIZED_CHAMBER_PRESSURE_q90"", ""SLURRY_FLOW_LINE_C_seg1_mean"", ""RETAINER_RING_PRESSURE_q90"", ""RETAINER_RING_PRESSURE_seg1_mean"", ""SLURRY_FLOW_LINE_B_seg1_mean"", ""WAFER_ROTATION_seg2_std"", ""STAGE_ROTATION_seg3_mean""]"
high,1,RandomForest,2.9582508967166916,2.377253330280549,1.9722482001357569,"{""n_estimators"": 234, ""max_depth"": 8, ""min_samples_split"": 4, ""max_features"": 0.3718959768009343}",43,"[""USAGE_OF_DRESSER_TABLE_median"", ""USAGE_OF_BACKING_FILM_median"", ""CENTER_AIR_BAG_PRESSURE_q90"", ""PRESSURIZED_CHAMBER_PRESSURE_seg1_mean"", ""EDGE_AIR_BAG_PRESSURE_q90"", ""USAGE_OF_DRESSER_median"", ""MAIN_OUTER_AIR_BAG_PRESSURE_seg1_mean"", ""EDGE_AIR_BAG_PRESSURE_q75"", ""STAGE_ROTATION_q75"", ""SLURRY_FLOW_LINE_C_seg1_median"", ""PRESSURIZED_CHAMBER_PRESSURE_std"", ""EDGE_AIR_BAG_PRESSURE_upper_tail_ratio"", ""PRESSURIZED_CHAMBER_PRESSURE_q75"", ""SLURRY_FLOW_LINE_A_q75"", ""EDGE_AIR_BAG_PRESSURE_seg1_mean"", ""SLURRY_FLOW_LINE_C_seg1_std"", ""PRESSURIZED_CHAMBER_PRESSURE_seg3_std"", ""SLURRY_FLOW_LINE_A_seg1_median"", ""SLURRY_FLOW_LINE_B_seg1_std"", ""SLURRY_FLOW_LINE_A_seg1_mean"", ""SLURRY_FLOW_LINE_C_q75"", ""HEAD_ROTATION_slope"", ""HEAD_ROTATION_seg2_std"", ""STAGE_ROTATION_lag1_autocorr"", ""WAFER_ROTATION_seg1_mean"", ""HEAD_ROTATION_seg1_std"", ""RETAINER_RING_PRESSURE_q75"", ""STAGE_ROTATION_std"", ""WAFER_ROTATION_lag1_autocorr"", ""CENTER_AIR_BAG_PRESSURE_q75"", ""SLURRY_FLOW_LINE_A_iqr"", ""MAIN_OUTER_AIR_BAG_PRESSURE_q75"", ""DRESSING_WATER_STATUS_median"", ""HEAD_ROTATION_seg3_mean"", ""HEAD_ROTATION_seg2_mean"", ""WAFER_ROTATION_seg1_std"", ""PRESSURIZED_CHAMBER_PRESSURE_q90"", ""SLURRY_FLOW_LINE_C_seg1_mean"", ""RETAINER_RING_PRESSURE_q90"", ""RETAINER_RING_PRESSURE_seg1_mean"", ""SLURRY_FLOW_LINE_B_seg1_mean"", ""WAFER_ROTATION_seg2_std"", ""STAGE_ROTATION_seg3_mean""]"
high,1,SVR,3.089744706204989,2.260610654425846,1.8606548164652388,"{""C"": 15.967548700999735, ""epsilon"": 0.07778042978817762, ""gamma"": 0.0014642407196184908}",43,"[""USAGE_OF_DRESSER_TABLE_median"", ""USAGE_OF_BACKING_FILM_median"", ""CENTER_AIR_BAG_PRESSURE_q90"", ""PRESSURIZED_CHAMBER_PRESSURE_seg1_mean"", ""EDGE_AIR_BAG_PRESSURE_q90"", ""USAGE_OF_DRESSER_median"", ""MAIN_OUTER_AIR_BAG_PRESSURE_seg1_mean"", ""EDGE_AIR_BAG_PRESSURE_q75"", ""STAGE_ROTATION_q75"", ""SLURRY_FLOW_LINE_C_seg1_median"", ""PRESSURIZED_CHAMBER_PRESSURE_std"", ""EDGE_AIR_BAG_PRESSURE_upper_tail_ratio"", ""PRESSURIZED_CHAMBER_PRESSURE_q75"", ""SLURRY_FLOW_LINE_A_q75"", ""EDGE_AIR_BAG_PRESSURE_seg1_mean"", ""SLURRY_FLOW_LINE_C_seg1_std"", ""PRESSURIZED_CHAMBER_PRESSURE_seg3_std"", ""SLURRY_FLOW_LINE_A_seg1_median"", ""SLURRY_FLOW_LINE_B_seg1_std"", ""SLURRY_FLOW_LINE_A_seg1_mean"", ""SLURRY_FLOW_LINE_C_q75"", ""HEAD_ROTATION_slope"", ""HEAD_ROTATION_seg2_std"", ""STAGE_ROTATION_lag1_autocorr"", ""WAFER_ROTATION_seg1_mean"", ""HEAD_ROTATION_seg1_std"", ""RETAINER_RING_PRESSURE_q75"", ""STAGE_ROTATION_std"", ""WAFER_ROTATION_lag1_autocorr"", ""CENTER_AIR_BAG_PRESSURE_q75"", ""SLURRY_FLOW_LINE_A_iqr"", ""MAIN_OUTER_AIR_BAG_PRESSURE_q75"", ""DRESSING_WATER_STATUS_median"", ""HEAD_ROTATION_seg3_mean"", ""HEAD_ROTATION_seg2_mean"", ""WAFER_ROTATION_seg1_std"", ""PRESSURIZED_CHAMBER_PRESSURE_q90"", ""SLURRY_FLOW_LINE_C_seg1_mean"", ""RETAINER_RING_PRESSURE_q90"", ""RETAINER_RING_PRESSURE_seg1_mean"", ""SLURRY_FLOW_LINE_B_seg1_mean"", ""WAFER_ROTATION_seg2_std"", ""STAGE_ROTATION_seg3_mean""]"
high,2,XGBoost,2.6752497613631734,3.004461189411336,2.3878863574218756,"{""n_estimators"": 711, ""max_depth"": 3, ""learning_rate"": 0.015422560983534313, ""colsample_bytree"": 0.8701780656948103}",50,"[""USAGE_OF_DRESSER_TABLE_median"", ""EDGE_AIR_BAG_PRESSURE_q90"", ""PRESSURIZED_CHAMBER_PRESSURE_seg1_mean"", ""WAFER_ROTATION_seg1_mean"", ""USAGE_OF_BACKING_FILM_median"", ""SLURRY_FLOW_LINE_B_std"", ""USAGE_OF_DRESSER_median"", ""PRESSURIZED_CHAMBER_PRESSURE_q75"", ""SLURRY_FLOW_LINE_A_seg1_mean"", ""RETAINER_RING_PRESSURE_q75"", ""SLURRY_FLOW_LINE_A_seg1_std"", ""PRESSURIZED_CHAMBER_PRESSURE_q90"", ""RIPPLE_AIR_BAG_PRESSURE_q90"", ""EDGE_AIR_BAG_PRESSURE_q75"", ""WAFER_ROTATION_seg1_std"", ""EDGE_AIR_BAG_PRESSURE_seg1_mean"", ""WAFER_ROTATION_seg3_std"", ""HEAD_ROTATION_slope"", ""WAFER_ROTATION_slope"", ""STAGE_ROTATION_seg3_std"", ""RETAINER_RING_PRESSURE_seg3_std"", ""SLURRY_FLOW_LINE_C_iqr"", ""SLURRY_FLOW_LINE_A_seg1_median"", ""STAGE_ROTATION_seg2_std"", ""WAFER_ROTATION_seg2_std"", ""RETAINER_RING_PRESSURE_seg1_mean"", ""DRESSING_WATER_STATUS_median"", ""HEAD_ROTATION_seg2_mean"", ""SLURRY_FLOW_LINE_C_seg1_mean"", ""SLURRY_FLOW_LINE_C_seg2_mean"", ""HEAD_ROTATION_seg1_std"", ""STAGE_ROTATION_lag1_autocorr"", ""WAFER_ROTATION_lag1_autocorr"", ""SLURRY_FLOW_LINE_B_slope"", ""SLURRY_FLOW_LINE_C_stability"", ""SLURRY_FLOW_LINE_B_seg2_std"", ""SLURRY_FLOW_LINE_C_seg2_std"", ""WAFER_ROTATION_seg2_mean"", ""WAFER_ROTATION_std"", ""STAGE_ROTATION_seg3_mean"", ""HEAD_ROTATION_seg3_mean"", ""MAIN_OUTER_AIR_BAG_PRESSURE_seg1_mean"", ""PRESSURIZED_CHAMBER_PRESSURE_seg3_std"", ""SLURRY_FLOW_LINE_B_seg1_std"", ""HEAD_ROTATION_seg2_std"", ""SLURRY_FLOW_LINE_C_std"", ""CENTER_AIR_BAG_PRESSURE_q75"", ""PRESSURIZED_CHAMBER_PRESSURE_std"", ""HEAD_ROTATION_seg1_mean"", ""STAGE_ROTATION_q75""]"
high,2,RandomForest,2.6918219493622573,2.9292448314121766,2.3394447804066494,"{""n_estimators"": 222, ""max_depth"": 11, ""min_samples_split"": 4, ""max_features"": 0.2852916910043315}",50,"[""USAGE_OF_DRESSER_TABLE_median"", ""EDGE_AIR_BAG_PRESSURE_q90"", ""PRESSURIZED_CHAMBER_PRESSURE_seg1_mean"", ""WAFER_ROTATION_seg1_mean"", ""USAGE_OF_BACKING_FILM_median"", ""SLURRY_FLOW_LINE_B_std"", ""USAGE_OF_DRESSER_median"", ""PRESSURIZED_CHAMBER_PRESSURE_q75"", ""SLURRY_FLOW_LINE_A_seg1_mean"", ""RETAINER_RING_PRESSURE_q75"", ""SLURRY_FLOW_LINE_A_seg1_std"", ""PRESSURIZED_CHAMBER_PRESSURE_q90"", ""RIPPLE_AIR_BAG_PRESSURE_q90"", ""EDGE_AIR_BAG_PRESSURE_q75"", ""WAFER_ROTATION_seg1_std"", ""EDGE_AIR_BAG_PRESSURE_seg1_mean"", ""WAFER_ROTATION_seg3_std"", ""HEAD_ROTATION_slope"", ""WAFER_ROTATION_slope"", ""STAGE_ROTATION_seg3_std"", ""RETAINER_RING_PRESSURE_seg3_std"", ""SLURRY_FLOW_LINE_C_iqr"", ""SLURRY_FLOW_LINE_A_seg1_median"", ""STAGE_ROTATION_seg2_std"", ""WAFER_ROTATION_seg2_std"", ""RETAINER_RING_PRESSURE_seg1_mean"", ""DRESSING_WATER_STATUS_median"", ""HEAD_ROTATION_seg2_mean"", ""SLURRY_FLOW_LINE_C_seg1_mean"", ""SLURRY_FLOW_LINE_C_seg2_mean"", ""HEAD_ROTATION_seg1_std"", ""STAGE_ROTATION_lag1_autocorr"", ""WAFER_ROTATION_lag1_autocorr"", ""SLURRY_FLOW_LINE_B_slope"", ""SLURRY_FLOW_LINE_C_stability"", ""SLURRY_FLOW_LINE_B_seg2_std"", ""SLURRY_FLOW_LINE_C_seg2_std"", ""WAFER_ROTATION_seg2_mean"", ""WAFER_ROTATION_std"", ""STAGE_ROTATION_seg3_mean"", ""HEAD_ROTATION_seg3_mean"", ""MAIN_OUTER_AIR_BAG_PRESSURE_seg1_mean"", ""PRESSURIZED_CHAMBER_PRESSURE_seg3_std"", ""SLURRY_FLOW_LINE_B_seg1_std"", ""HEAD_ROTATION_seg2_std"", ""SLURRY_FLOW_LINE_C_std"", ""CENTER_AIR_BAG_PRESSURE_q75"", ""PRESSURIZED_CHAMBER_PRESSURE_std"", ""HEAD_ROTATION_seg1_mean"", ""STAGE_ROTATION_q75""]"
high,2,SVR,2.5158410534473923,3.1577703034406817,2.542067123115333,"{""C"": 17.102434699605038, ""epsilon"": 0.05245440736044463, ""gamma"": 0.001143098194425704}",50,"[""USAGE_OF_DRESSER_TABLE_median"", ""EDGE_AIR_BAG_PRESSURE_q90"", ""PRESSURIZED_CHAMBER_PRESSURE_seg1_mean"", ""WAFER_ROTATION_seg1_mean"", ""USAGE_OF_BACKING_FILM_median"", ""SLURRY_FLOW_LINE_B_std"", ""USAGE_OF_DRESSER_median"", ""PRESSURIZED_CHAMBER_PRESSURE_q75"", ""SLURRY_FLOW_LINE_A_seg1_mean"", ""RETAINER_RING_PRESSURE_q75"", ""SLURRY_FLOW_LINE_A_seg1_std"", ""PRESSURIZED_CHAMBER_PRESSURE_q90"", ""RIPPLE_AIR_BAG_PRESSURE_q90"", ""EDGE_AIR_BAG_PRESSURE_q75"", ""WAFER_ROTATION_seg1_std"", ""EDGE_AIR_BAG_PRESSURE_seg1_mean"", ""WAFER_ROTATION_seg3_std"", ""HEAD_ROTATION_slope"", ""WAFER_ROTATION_slope"", ""STAGE_ROTATION_seg3_std"", ""RETAINER_RING_PRESSURE_seg3_std"", ""SLURRY_FLOW_LINE_C_iqr"", ""SLURRY_FLOW_LINE_A_seg1_median"", ""STAGE_ROTATION_seg2_std"", ""WAFER_ROTATION_seg2_std"", ""RETAINER_RING_PRESSURE_seg1_mean"", ""DRESSING_WATER_STATUS_median"", ""HEAD_ROTATION_seg2_mean"", ""SLURRY_FLOW_LINE_C_seg1_mean"", ""SLURRY_FLOW_LINE_C_seg2_mean"", ""HEAD_ROTATION_seg1_std"", ""STAGE_ROTATION_lag1_autocorr"", ""WAFER_ROTATION_lag1_autocorr"", ""SLURRY_FLOW_LINE_B_slope"", ""SLURRY_FLOW_LINE_C_stability"", ""SLURRY_FLOW_LINE_B_seg2_std"", ""SLURRY_FLOW_LINE_C_seg2_std"", ""WAFER_ROTATION_seg2_mean"", ""WAFER_ROTATION_std"", ""STAGE_ROTATION_seg3_mean"", ""HEAD_ROTATION_seg3_mean"", ""MAIN_OUTER_AIR_BAG_PRESSURE_seg1_mean"", ""PRESSURIZED_CHAMBER_PRESSURE_seg3_std"", ""SLURRY_FLOW_LINE_B_seg1_std"", ""HEAD_ROTATION_seg2_std"", ""SLURRY_FLOW_LINE_C_std"", ""CENTER_AIR_BAG_PRESSURE_q75"", ""PRESSURIZED_CHAMBER_PRESSURE_std"", ""HEAD_ROTATION_seg1_mean"", ""STAGE_ROTATION_q75""]"
high,3,XGBoost,3.028251258435852,5.98273338388627,5.132754544677736,"{""n_estimators"": 743, ""max_depth"": 3, ""learning_rate"": 0.0291793090090314, ""colsample_bytree"": 0.9983141965337126}",47,"[""RETAINER_RING_PRESSURE_q75"", ""SLURRY_FLOW_LINE_B_seg2_std"", ""WAFER_ROTATION_seg1_std"", ""USAGE_OF_DRESSER_TABLE_median"", ""PRESSURIZED_CHAMBER_PRESSURE_q90"", ""DRESSING_WATER_STATUS_median"", ""PRESSURIZED_CHAMBER_PRESSURE_seg3_std"", ""CENTER_AIR_BAG_PRESSURE_q75"", ""SLURRY_FLOW_LINE_B_std"", ""SLURRY_FLOW_LINE_A_q90"", ""RETAINER_RING_PRESSURE_q90"", ""USAGE_OF_DRESSER_median"", ""STAGE_ROTATION_lag1_autocorr"", ""CENTER_AIR_BAG_PRESSURE_seg1_std"", ""SLURRY_FLOW_LINE_A_iqr"", ""STAGE_ROTATION_seg3_std"", ""WAFER_ROTATION_q75"", ""WAFER_ROTATION_seg1_mean"", ""PRESSURIZED_CHAMBER_PRESSURE_q75"", ""SLURRY_FLOW_LINE_C_seg2_std"", ""EDGE_AIR_BAG_PRESSURE_q90"", ""SLURRY_FLOW_LINE_C_stability"", ""RIPPLE_AIR_BAG_PRESSURE_q75"", ""SLURRY_FLOW_LINE_A_seg1_mean"", ""SLURRY_FLOW_LINE_C_seg1_std"", ""WAFER_ROTATION_slope"", ""MAIN_OUTER_AIR_BAG_PRESSURE_q75"", ""MAIN_OUTER_AIR_BAG_PRESSURE_upper_tail_ratio"", ""MAIN_OUTER_AIR_BAG_PRESSURE_q90"", ""RIPPLE_AIR_BAG_PRESSURE_q90"", ""HEAD_ROTATION_median"", ""USAGE_OF_BACKING_FILM_median"", ""EDGE_AIR_BAG_PRESSURE_seg3_std"", ""HEAD_ROTATION_seg1_mean"", ""SLURRY_FLOW_LINE_B_slope"", ""STAGE_ROTATION_seg2_std"", ""PRESSURIZED_CHAMBER_PRESSURE_seg1_mean"", ""HEAD_ROTATION_seg2_std"", ""STAGE_ROTATION_slope"", ""SLURRY_FLOW_LINE_C_q90"", ""WAFER_ROTATION_std"", ""SLURRY_FLOW_LINE_B_stability"", ""EDGE_AIR_BAG_PRESSURE_seg1_std"", ""SLURRY_FLOW_LINE_C_std"", ""CENTER_AIR_BAG_PRESSURE_q90"", ""SLURRY_FLOW_LINE_A_q75"", ""WAFER_ROTATION_seg2_mean""]"
high,3,RandomForest,3.025043792024248,5.852007373072889,5.019104266422714,"{""n_estimators"": 222, ""max_depth"": 7, ""min_samples_split"": 2, ""max_features"": 0.30939319578926494}",47,"[""RETAINER_RING_PRESSURE_q75"", ""SLURRY_FLOW_LINE_B_seg2_std"", ""WAFER_ROTATION_seg1_std"", ""USAGE_OF_DRESSER_TABLE_median"", ""PRESSURIZED_CHAMBER_PRESSURE_q90"", ""DRESSING_WATER_STATUS_median"", ""PRESSURIZED_CHAMBER_PRESSURE_seg3_std"", ""CENTER_AIR_BAG_PRESSURE_q75"", ""SLURRY_FLOW_LINE_B_std"", ""SLURRY_FLOW_LINE_A_q90"", ""RETAINER_RING_PRESSURE_q90"", ""USAGE_OF_DRESSER_median"", ""STAGE_ROTATION_lag1_autocorr"", ""CENTER_AIR_BAG_PRESSURE_seg1_std"", ""SLURRY_FLOW_LINE_A_iqr"", ""STAGE_ROTATION_seg3_std"", ""WAFER_ROTATION_q75"", ""WAFER_ROTATION_seg1_mean"", ""PRESSURIZED_CHAMBER_PRESSURE_q75"", ""SLURRY_FLOW_LINE_C_seg2_std"", ""EDGE_AIR_BAG_PRESSURE_q90"", ""SLURRY_FLOW_LINE_C_stability"", ""RIPPLE_AIR_BAG_PRESSURE_q75"", ""SLURRY_FLOW_LINE_A_seg1_mean"", ""SLURRY_FLOW_LINE_C_seg1_std"", ""WAFER_ROTATION_slope"", ""MAIN_OUTER_AIR_BAG_PRESSURE_q75"", ""MAIN_OUTER_AIR_BAG_PRESSURE_upper_tail_ratio"", ""MAIN_OUTER_AIR_BAG_PRESSURE_q90"", ""RIPPLE_AIR_BAG_PRESSURE_q90"", ""HEAD_ROTATION_median"", ""USAGE_OF_BACKING_FILM_median"", ""EDGE_AIR_BAG_PRESSURE_seg3_std"", ""HEAD_ROTATION_seg1_mean"", ""SLURRY_FLOW_LINE_B_slope"", ""STAGE_ROTATION_seg2_std"", ""PRESSURIZED_CHAMBER_PRESSURE_seg1_mean"", ""HEAD_ROTATION_seg2_std"", ""STAGE_ROTATION_slope"", ""SLURRY_FLOW_LINE_C_q90"", ""WAFER_ROTATION_std"", ""SLURRY_FLOW_LINE_B_stability"", ""EDGE_AIR_BAG_PRESSURE_seg1_std"", ""SLURRY_FLOW_LINE_C_std"", ""CENTER_AIR_BAG_PRESSURE_q90"", ""SLURRY_FLOW_LINE_A_q75"", ""WAFER_ROTATION_seg2_mean""]"
high,3,SVR,2.804811391845144,5.605280381486902,4.6922354711064855,"{""C"": 13.7559995246082, ""epsilon"": 0.07894844490817314, ""gamma"": 0.0013018758136749218}",47,"[""RETAINER_RING_PRESSURE_q75"", ""SLURRY_FLOW_LINE_B_seg2_std"", ""WAFER_ROTATION_seg1_std"", ""USAGE_OF_DRESSER_TABLE_median"", ""PRESSURIZED_CHAMBER_PRESSURE_q90"", ""DRESSING_WATER_STATUS_median"", ""PRESSURIZED_CHAMBER_PRESSURE_seg3_std"", ""CENTER_AIR_BAG_PRESSURE_q75"", ""SLURRY_FLOW_LINE_B_std"", ""SLURRY_FLOW_LINE_A_q90"", ""RETAINER_RING_PRESSURE_q90"", ""USAGE_OF_DRESSER_median"", ""STAGE_ROTATION_lag1_autocorr"", ""CENTER_AIR_BAG_PRESSURE_seg1_std"", ""SLURRY_FLOW_LINE_A_iqr"", ""STAGE_ROTATION_seg3_std"", ""WAFER_ROTATION_q75"", ""WAFER_ROTATION_seg1_mean"", ""PRESSURIZED_CHAMBER_PRESSURE_q75"", ""SLURRY_FLOW_LINE_C_seg2_std"", ""EDGE_AIR_BAG_PRESSURE_q90"", ""SLURRY_FLOW_LINE_C_stability"", ""RIPPLE_AIR_BAG_PRESSURE_q75"", ""SLURRY_FLOW_LINE_A_seg1_mean"", ""SLURRY_FLOW_LINE_C_seg1_std"", ""WAFER_ROTATION_slope"", ""MAIN_OUTER_AIR_BAG_PRESSURE_q75"", ""MAIN_OUTER_AIR_BAG_PRESSURE_upper_tail_ratio"", ""MAIN_OUTER_AIR_BAG_PRESSURE_q90"", ""RIPPLE_AIR_BAG_PRESSURE_q90"", ""HEAD_ROTATION_median"", ""USAGE_OF_BACKING_FILM_median"", ""EDGE_AIR_BAG_PRESSURE_seg3_std"", ""HEAD_ROTATION_seg1_mean"", ""SLURRY_FLOW_LINE_B_slope"", ""STAGE_ROTATION_seg2_std"", ""PRESSURIZED_CHAMBER_PRESSURE_seg1_mean"", ""HEAD_ROTATION_seg2_std"", ""STAGE_ROTATION_slope"", ""SLURRY_FLOW_LINE_C_q90"", ""WAFER_ROTATION_std"", ""SLURRY_FLOW_LINE_B_stability"", ""EDGE_AIR_BAG_PRESSURE_seg1_std"", ""SLURRY_FLOW_LINE_C_std"", ""CENTER_AIR_BAG_PRESSURE_q90"", ""SLURRY_FLOW_LINE_A_q75"", ""WAFER_ROTATION_seg2_mean""]"
high,4,XGBoost,4.590642153721559,5.841309670870216,4.846932074584962,"{""n_estimators"": 663, ""max_depth"": 3, ""learning_rate"": 0.03996376174328516, ""colsample_bytree"": 0.9980671751634516}",48,"[""USAGE_OF_DRESSER_TABLE_median"", ""RETAINER_RING_PRESSURE_spike_count"", ""STAGE_ROTATION_seg2_std"", ""SLURRY_FLOW_LINE_C_std"", ""WAFER_ROTATION_seg1_std"", ""USAGE_OF_BACKING_FILM_median"", ""SLURRY_FLOW_LINE_B_std"", ""USAGE_OF_DRESSER_median"", ""SLURRY_FLOW_LINE_C_seg1_mean"", ""PRESSURIZED_CHAMBER_PRESSURE_median"", ""PRESSURIZED_CHAMBER_PRESSURE_spike_count"", ""RIPPLE_AIR_BAG_PRESSURE_spike_count"", ""WAFER_ROTATION_seg2_mean"", ""SLURRY_FLOW_LINE_C_stability"", ""PRESSURIZED_CHAMBER_PRESSURE_q90"", ""CENTER_AIR_BAG_PRESSURE_q90"", ""SLURRY_FLOW_LINE_C_q90"", ""CENTER_AIR_BAG_PRESSURE_seg1_std"", ""WAFER_ROTATION_seg2_std"", ""MAIN_OUTER_AIR_BAG_PRESSURE_q75"", ""RETAINER_RING_PRESSURE_q75"", ""RIPPLE_AIR_BAG_PRESSURE_q75"", ""PRESSURIZED_CHAMBER_PRESSURE_q75"", ""SLURRY_FLOW_LINE_B_seg2_std"", ""MAIN_OUTER_AIR_BAG_PRESSURE_q90"", ""EDGE_AIR_BAG_PRESSURE_q75"", ""SLURRY_FLOW_LINE_C_q75"", ""RIPPLE_AIR_BAG_PRESSURE_q90"", ""WAFER_ROTATION_seg1_mean"", ""HEAD_ROTATION_median"", ""SLURRY_FLOW_LINE_A_q75"", ""HEAD_ROTATION_seg3_mean"", ""WAFER_ROTATION_q75"", ""CENTER_AIR_BAG_PRESSURE_q75"", ""MAIN_OUTER_AIR_BAG_PRESSURE_seg1_mean"", ""EDGE_AIR_BAG_PRESSURE_seg1_mean"", ""HEAD_ROTATION_std"", ""PRESSURIZED_CHAMBER_PRESSURE_std"", ""HEAD_ROTATION_seg2_std"", ""SLURRY_FLOW_LINE_B_slope"", ""WAFER_ROTATION_lag1_autocorr"", ""WAFER_ROTATION_std"", ""PRESSURIZED_CHAMBER_PRESSURE_seg1_mean"", ""HEAD_ROTATION_seg1_std"", ""RETAINER_RING_PRESSURE_upper_tail_ratio"", ""MACHINE_DATA_median"", ""EDGE_AIR_BAG_PRESSURE_q90"", ""STAGE_ROTATION_seg3_std""]"
high,4,RandomForest,4.647976275001329,4.926017185008861,3.927544904112847,"{""n_estimators"": 310, ""max_depth"": 11, ""min_samples_split"": 3, ""max_features"": 0.21689520354985126}",48,"[""USAGE_OF_DRESSER_TABLE_median"", ""RETAINER_RING_PRESSURE_spike_count"", ""STAGE_ROTATION_seg2_std"", ""SLURRY_FLOW_LINE_C_std"", ""WAFER_ROTATION_seg1_std"", ""USAGE_OF_BACKING_FILM_median"", ""SLURRY_FLOW_LINE_B_std"", ""USAGE_OF_DRESSER_median"", ""SLURRY_FLOW_LINE_C_seg1_mean"", ""PRESSURIZED_CHAMBER_PRESSURE_median"", ""PRESSURIZED_CHAMBER_PRESSURE_spike_count"", ""RIPPLE_AIR_BAG_PRESSURE_spike_count"", ""WAFER_ROTATION_seg2_mean"", ""SLURRY_FLOW_LINE_C_stability"", ""PRESSURIZED_CHAMBER_PRESSURE_q90"", ""CENTER_AIR_BAG_PRESSURE_q90"", ""SLURRY_FLOW_LINE_C_q90"", ""CENTER_AIR_BAG_PRESSURE_seg1_std"", ""WAFER_ROTATION_seg2_std"", ""MAIN_OUTER_AIR_BAG_PRESSURE_q75"", ""RETAINER_RING_PRESSURE_q75"", ""RIPPLE_AIR_BAG_PRESSURE_q75"", ""PRESSURIZED_CHAMBER_PRESSURE_q75"", ""SLURRY_FLOW_LINE_B_seg2_std"", ""MAIN_OUTER_AIR_BAG_PRESSURE_q90"", ""EDGE_AIR_BAG_PRESSURE_q75"", ""SLURRY_FLOW_LINE_C_q75"", ""RIPPLE_AIR_BAG_PRESSURE_q90"", ""WAFER_ROTATION_seg1_mean"", ""HEAD_ROTATION_median"", ""SLURRY_FLOW_LINE_A_q75"", ""HEAD_ROTATION_seg3_mean"", ""WAFER_ROTATION_q75"", ""CENTER_AIR_BAG_PRESSURE_q75"", ""MAIN_OUTER_AIR_BAG_PRESSURE_seg1_mean"", ""EDGE_AIR_BAG_PRESSURE_seg1_mean"", ""HEAD_ROTATION_std"", ""PRESSURIZED_CHAMBER_PRESSURE_std"", ""HEAD_ROTATION_seg2_std"", ""SLURRY_FLOW_LINE_B_slope"", ""WAFER_ROTATION_lag1_autocorr"", ""WAFER_ROTATION_std"", ""PRESSURIZED_CHAMBER_PRESSURE_seg1_mean"", ""HEAD_ROTATION_seg1_std"", ""RETAINER_RING_PRESSURE_upper_tail_ratio"", ""MACHINE_DATA_median"", ""EDGE_AIR_BAG_PRESSURE_q90"", ""STAGE_ROTATION_seg3_std""]"
high,4,SVR,4.5677298134493185,5.008735339774095,4.031403555009497,"{""C"": 12.68448398689476, ""epsilon"": 0.055931472062464085, ""gamma"": 0.00145951059537461}",48,"[""USAGE_OF_DRESSER_TABLE_median"", ""RETAINER_RING_PRESSURE_spike_count"", ""STAGE_ROTATION_seg2_std"", ""SLURRY_FLOW_LINE_C_std"", ""WAFER_ROTATION_seg1_std"", ""USAGE_OF_BACKING_FILM_median"", ""SLURRY_FLOW_LINE_B_std"", ""USAGE_OF_DRESSER_median"", ""SLURRY_FLOW_LINE_C_seg1_mean"", ""PRESSURIZED_CHAMBER_PRESSURE_median"", ""PRESSURIZED_CHAMBER_PRESSURE_spike_count"", ""RIPPLE_AIR_BAG_PRESSURE_spike_count"", ""WAFER_ROTATION_seg2_mean"", ""SLURRY_FLOW_LINE_C_stability"", ""PRESSURIZED_CHAMBER_PRESSURE_q90"", ""CENTER_AIR_BAG_PRESSURE_q90"", ""SLURRY_FLOW_LINE_C_q90"", ""CENTER_AIR_BAG_PRESSURE_seg1_std"", ""WAFER_ROTATION_seg2_std"", ""MAIN_OUTER_AIR_BAG_PRESSURE_q75"", ""RETAINER_RING_PRESSURE_q75"", ""RIPPLE_AIR_BAG_PRESSURE_q75"", ""PRESSURIZED_CHAMBER_PRESSURE_q75"", ""SLURRY_FLOW_LINE_B_seg2_std"", ""MAIN_OUTER_AIR_BAG_PRESSURE_q90"", ""EDGE_AIR_BAG_PRESSURE_q75"", ""SLURRY_FLOW_LINE_C_q75"", ""RIPPLE_AIR_BAG_PRESSURE_q90"", ""WAFER_ROTATION_seg1_mean"", ""HEAD_ROTATION_median"", ""SLURRY_FLOW_LINE_A_q75"", ""HEAD_ROTATION_seg3_mean"", ""WAFER_ROTATION_q75"", ""CENTER_AIR_BAG_PRESSURE_q75"", ""MAIN_OUTER_AIR_BAG_PRESSURE_seg1_mean"", ""EDGE_AIR_BAG_PRESSURE_seg1_mean"", ""HEAD_ROTATION_std"", ""PRESSURIZED_CHAMBER_PRESSURE_std"", ""HEAD_ROTATION_seg2_std"", ""SLURRY_FLOW_LINE_B_slope"", ""WAFER_ROTATION_lag1_autocorr"", ""WAFER_ROTATION_std"", ""PRESSURIZED_CHAMBER_PRESSURE_seg1_mean"", ""HEAD_ROTATION_seg1_std"", ""RETAINER_RING_PRESSURE_upper_tail_ratio"", ""MACHINE_DATA_median"", ""EDGE_AIR_BAG_PRESSURE_q90"", ""STAGE_ROTATION_seg3_std""]"
high,5,XGBoost,5.590292583154211,4.590079260200626,4.0286736352539085,"{""n_estimators"": 620, ""max_depth"": 2, ""learning_rate"": 0.023205794528443093, ""colsample_bytree"": 0.8880613085489513}",44,"[""USAGE_OF_DRESSER_TABLE_median"", ""USAGE_OF_DRESSER_median"", ""USAGE_OF_BACKING_FILM_median"", ""SLURRY_FLOW_LINE_B_seg2_std"", ""PRESSURIZED_CHAMBER_PRESSURE_q75"", ""HEAD_ROTATION_median"", ""SLURRY_FLOW_LINE_A_q75"", ""EDGE_AIR_BAG_PRESSURE_seg1_std"", ""RETAINER_RING_PRESSURE_spike_count"", ""SLURRY_FLOW_LINE_C_seg2_std"", ""RETAINER_RING_PRESSURE_q90"", ""EDGE_AIR_BAG_PRESSURE_q75"", ""SLURRY_FLOW_LINE_B_std"", ""RETAINER_RING_PRESSURE_seg1_mean"", ""CENTER_AIR_BAG_PRESSURE_seg1_std"", ""RIPPLE_AIR_BAG_PRESSURE_q75"", ""CENTER_AIR_BAG_PRESSURE_q90"", ""CENTER_AIR_BAG_PRESSURE_q75"", ""WAFER_ROTATION_slope"", ""WAFER_ROTATION_seg1_std"", ""RETAINER_RING_PRESSURE_std"", ""WAFER_ROTATION_seg1_mean"", ""SLURRY_FLOW_LINE_A_median"", ""SLURRY_FLOW_LINE_C_q90"", ""SLURRY_FLOW_LINE_C_iqr"", ""PRESSURIZED_CHAMBER_PRESSURE_seg1_mean"", ""RETAINER_RING_PRESSURE_q75"", ""PRESSURIZED_CHAMBER_PRESSURE_std"", ""RIPPLE_AIR_BAG_PRESSURE_q90"", ""SLURRY_FLOW_LINE_C_q75"", ""SLURRY_FLOW_LINE_A_slope"", ""SLURRY_FLOW_LINE_C_std"", ""EDGE_AIR_BAG_PRESSURE_seg1_mean"", ""STAGE_ROTATION_lag1_autocorr"", ""HEAD_ROTATION_seg2_std"", ""SLURRY_FLOW_LINE_A_q90"", ""STAGE_ROTATION_seg2_std"", ""HEAD_ROTATION_seg2_mean"", ""WAFER_ROTATION_seg2_mean"", ""HEAD_ROTATION_slope"", ""WAFER_ROTATION_lag1_autocorr"", ""USAGE_OF_POLISHING_TABLE_median"", ""SLURRY_FLOW_LINE_C_stability"", ""SLURRY_FLOW_LINE_B_stability""]"
high,5,RandomForest,5.670481406579142,3.9594912972492886,3.2333511349388586,"{""n_estimators"": 340, ""max_depth"": 12, ""min_samples_split"": 3, ""max_features"": 0.36212961451875186}",44,"[""USAGE_OF_DRESSER_TABLE_median"", ""USAGE_OF_DRESSER_median"", ""USAGE_OF_BACKING_FILM_median"", ""SLURRY_FLOW_LINE_B_seg2_std"", ""PRESSURIZED_CHAMBER_PRESSURE_q75"", ""HEAD_ROTATION_median"", ""SLURRY_FLOW_LINE_A_q75"", ""EDGE_AIR_BAG_PRESSURE_seg1_std"", ""RETAINER_RING_PRESSURE_spike_count"", ""SLURRY_FLOW_LINE_C_seg2_std"", ""RETAINER_RING_PRESSURE_q90"", ""EDGE_AIR_BAG_PRESSURE_q75"", ""SLURRY_FLOW_LINE_B_std"", ""RETAINER_RING_PRESSURE_seg1_mean"", ""CENTER_AIR_BAG_PRESSURE_seg1_std"", ""RIPPLE_AIR_BAG_PRESSURE_q75"", ""CENTER_AIR_BAG_PRESSURE_q90"", ""CENTER_AIR_BAG_PRESSURE_q75"", ""WAFER_ROTATION_slope"", ""WAFER_ROTATION_seg1_std"", ""RETAINER_RING_PRESSURE_std"", ""WAFER_ROTATION_seg1_mean"", ""SLURRY_FLOW_LINE_A_median"", ""SLURRY_FLOW_LINE_C_q90"", ""SLURRY_FLOW_LINE_C_iqr"", ""PRESSURIZED_CHAMBER_PRESSURE_seg1_mean"", ""RETAINER_RING_PRESSURE_q75"", ""PRESSURIZED_CHAMBER_PRESSURE_std"", ""RIPPLE_AIR_BAG_PRESSURE_q90"", ""SLURRY_FLOW_LINE_C_q75"", ""SLURRY_FLOW_LINE_A_slope"", ""SLURRY_FLOW_LINE_C_std"", ""EDGE_AIR_BAG_PRESSURE_seg1_mean"", ""STAGE_ROTATION_lag1_autocorr"", ""HEAD_ROTATION_seg2_std"", ""SLURRY_FLOW_LINE_A_q90"", ""STAGE_ROTATION_seg2_std"", ""HEAD_ROTATION_seg2_mean"", ""WAFER_ROTATION_seg2_mean"", ""HEAD_ROTATION_slope"", ""WAFER_ROTATION_lag1_autocorr"", ""USAGE_OF_POLISHING_TABLE_median"", ""SLURRY_FLOW_LINE_C_stability"", ""SLURRY_FLOW_LINE_B_stability""]"
high,5,SVR,5.495942540381785,3.2272424931068775,2.318818696160542,"{""C"": 12.257406491776209, ""epsilon"": 0.029069347847807483, ""gamma"": 0.001142698750136097}",44,"[""USAGE_OF_DRESSER_TABLE_median"", ""USAGE_OF_DRESSER_median"", ""USAGE_OF_BACKING_FILM_median"", ""SLURRY_FLOW_LINE_B_seg2_std"", ""PRESSURIZED_CHAMBER_PRESSURE_q75"", ""HEAD_ROTATION_median"", ""SLURRY_FLOW_LINE_A_q75"", ""EDGE_AIR_BAG_PRESSURE_seg1_std"", ""RETAINER_RING_PRESSURE_spike_count"", ""SLURRY_FLOW_LINE_C_seg2_std"", ""RETAINER_RING_PRESSURE_q90"", ""EDGE_AIR_BAG_PRESSURE_q75"", ""SLURRY_FLOW_LINE_B_std"", ""RETAINER_RING_PRESSURE_seg1_mean"", ""CENTER_AIR_BAG_PRESSURE_seg1_std"", ""RIPPLE_AIR_BAG_PRESSURE_q75"", ""CENTER_AIR_BAG_PRESSURE_q90"", ""CENTER_AIR_BAG_PRESSURE_q75"", ""WAFER_ROTATION_slope"", ""WAFER_ROTATION_seg1_std"", ""RETAINER_RING_PRESSURE_std"", ""WAFER_ROTATION_seg1_mean"", ""SLURRY_FLOW_LINE_A_median"", ""SLURRY_FLOW_LINE_C_q90"", ""SLURRY_FLOW_LINE_C_iqr"", ""PRESSURIZED_CHAMBER_PRESSURE_seg1_mean"", ""RETAINER_RING_PRESSURE_q75"", ""PRESSURIZED_CHAMBER_PRESSURE_std"", ""RIPPLE_AIR_BAG_PRESSURE_q90"", ""SLURRY_FLOW_LINE_C_q75"", ""SLURRY_FLOW_LINE_A_slope"", ""SLURRY_FLOW_LINE_C_std"", ""EDGE_AIR_BAG_PRESSURE_seg1_mean"", ""STAGE_ROTATION_lag1_autocorr"", ""HEAD_ROTATION_seg2_std"", ""SLURRY_FLOW_LINE_A_q90"", ""STAGE_ROTATION_seg2_std"", ""HEAD_ROTATION_seg2_mean"", ""WAFER_ROTATION_seg2_mean"", ""HEAD_ROTATION_slope"", ""WAFER_ROTATION_lag1_autocorr"", ""USAGE_OF_POLISHING_TABLE_median"", ""SLURRY_FLOW_LINE_C_stability"", ""SLURRY_FLOW_LINE_B_stability""]"
